Symbol_Code,Group,Industries_Group,Table,En_Symbol,EN_name,Code,Name,Symbol
IRB5IKCO8751,N2,خودرو و ساخت قطعات,فهرست اوليه,IKCQ1,Iran Khodro-D,62616504891233280,اوراق مشاركت ايران‌ خودرو,18719101
IRO1CONT0001,N1,ابزارپزشکي، اپتيکي و اندازه‌گيري,تابلو فرعي,CONT1,Iran Counter,44834847569322522,كنتورسازي‌ايران‌,آكنتور
IRO1ASIA0001,N1,بيمه وصندوق بازنشستگي به جزتامين اجتماعي,تابلو فرعي,ASIA1,Asia Bime,51106317433079213,بيمه آسيا,آسيا
IRO1APPE0001,N2,رايانه و فعاليت‌هاي وابسته به آن,فهرست اوليه,APPE1,Asan Pardakht Pers,55254206302462116,آسان پرداخت پرشين,آپ
IRR1CONT0101,N1,ابزارپزشکي، اپتيکي و اندازه‌گيري,تابلو فرعي,CONX1,Iran Counter-R,57329318081089375,ح . كنتورسازي‌ايران‌,آكنتورح
IRR1OFOG0101,N2,خرده فروشي،باستثناي وسايل نقليه موتوري,فهرست اوليه,OFOX1,Ofogh Koorosh-R,1911343624441437,ح .فروشگاه زنجيره اي افق كوروش,افقح
IRR1BALB0101,N1,بيمه وصندوق بازنشستگي به جزتامين اجتماعي,تابلو اصلي,BABX1,Alborz Bimeh-R,12231544096052404,ح.بيمه البرز,البرزح
IRO1BENB0001,N2,فعاليتهاي كمكي به نهادهاي مالي واسط,فهرست اوليه,BENB1,Activists Energy B,16330743198286823,فعالان بورس انرژي,انرژي2
IRO1OMID0001,N2,فعاليتهاي كمكي به نهادهاي مالي واسط,فهرست اوليه,OMID1,Investment Banking,18599703143458101,تامين سرمايه اميد,اميد
IRO1MKBT0001,N1,مخابرات,تابلو اصلي,MKBT1,Iran Tele. Co.,22811176775480091,مخابرات ايران,اخابر
IRR1OMID0101,N2,فعاليتهاي كمكي به نهادهاي مالي واسط,فهرست اوليه,OMIX1,Inv. Banking -R,45104299259467366,ح . تامين سرمايه اميد,اميدح
IRR1MKBT0101,N1,مخابرات,تابلو اصلي,MKBX1,Iran Tele Co.-R,45768538238520265,ح . مخابرات ايران,اخابرح
IRO1OFOG0001,N2,خرده فروشي،باستثناي وسايل نقليه موتوري,فهرست اوليه,OFOG1,Ofogh Koorosh,49502666250908008,فروشگاههاي زنجيره اي افق كوروش,افق
IRO1BENC0001,N2,فعاليتهاي كمكي به نهادهاي مالي واسط,فهرست اوليه,BENC1,Other Energy B.,49641108336531623,سايراشخاص بورس انرژي,انرژي3
IRO1BKLA0001,N1,فعاليتهاي كمكي به نهادهاي مالي واسط,تابلو فرعي,BKLA1,Good Exch.Brk.,49869693814643443,كارگزاران بورس كالاي ايران,اكالا
IRO1BENA0001,N2,فعاليتهاي كمكي به نهادهاي مالي واسط,فهرست اوليه,BENA1,Nahad Mali Energy,61725225143026283,نهادهاي مالي بورس انرژي,انرژي1
IRO1ACTV0001,N2,محصولات شيميايي,فهرست اوليه,ACTV1,PadidehShimi Gharn,66991919802409760,پديده شيمي قرن,اكتيو
IRO1BALB0001,N1,بيمه وصندوق بازنشستگي به جزتامين اجتماعي,تابلو اصلي,BALB1,S*Alborz Bimeh,70270965300262393,بيمه البرز,البرز
IRO1BAKH0001,N2,ماشين آلات و دستگاه‌هاي برقي,فهرست اوليه,BAKH1,Bakhtar Cable,751415341879364,كابل‌ باختر,باختر
IRR1MOTJ0101,N1,ماشين آلات و دستگاه‌هاي برقي,تابلو اصلي,MOTX1,Motogen-R,1931037287459558,ح . موتوژن‌,بموتوح
IRR1KBLI0101,N2,ماشين آلات و دستگاه‌هاي برقي,فهرست اوليه,KBLX1,Iran Cable-R,5857871270392801,ح . كابلسازي‌ايران‌,بايكاح
IRR1KTAK0101,N2,ماشين آلات و دستگاه‌هاي برقي,فهرست اوليه,KTAX1,Tak Cable-R,8823734825807435,ح . كابلسازي‌ تك‌,بتكح
IRR1BRKT0101,N2,مواد و محصولات دارويي,فهرست اوليه,BRKX1,G.Barekat Pharm-R,8981227815720204,ح . گروه دارويي بركت,بركتح
IRR1KALZ0101,N2,ماشين آلات و دستگاه‌هاي برقي,فهرست اوليه,KALX1,Alborz Cable-R,16471519272060905,ح . كابل‌ البرز,بالبرح
IRO1KTAK0001,N2,ماشين آلات و دستگاه‌هاي برقي,فهرست اوليه,KTAK1,Tak Cable,19734078707717188,كابلسازي‌ تك‌,بتك
IRO1NIRO0001,N1,ماشين آلات و دستگاه‌هاي برقي,تابلو فرعي,NIRO1,Nirou Trans,20453828618330936,نيروترانس‌,بنيرو
IRO1MOTJ0001,N1,ماشين آلات و دستگاه‌هاي برقي,تابلو اصلي,MOTJ1,Motogen,22086876724551482,موتوژن‌,بموتو
IRO1KGND0001,N1,ماشين آلات و دستگاه‌هاي برقي,تابلو فرعي,KGND1,Ghandi Cables.,22382156782768756,كارخانجات توليدي شهيد قندي,بكام
IRR1SWIC0101,N2,ماشين آلات و دستگاه‌هاي برقي,فهرست اوليه,SWIX1,Pars Switch-R,23484847504768205,ح . پارس‌سويچ‌,بسويچح
IRO1KBLI0001,N2,ماشين آلات و دستگاه‌هاي برقي,فهرست اوليه,KBLI1,Iran Cable,26711011601058186,كابلسازي‌ايران‌,بايكا
IRR1JOSH0101,N2,ماشين آلات و دستگاه‌هاي برقي,فهرست اوليه,JOSX1,Yazd Jooshkab-R,29195987083197059,ح . صنايع‌جوشكاب‌يزد,بكابح
IRO1BRKT0001,N2,مواد و محصولات دارويي,فهرست اوليه,BRKT1,G.Barekat Pharm,34557241988629814,گروه دارويي بركت,بركت
IRR1LAPS0101,N2,ماشين آلات و دستگاه‌هاي برقي,فهرست اوليه,LAPX1,Pars Shahab-R,39023890840208765,ح . لامپ‌  پارس‌ شهاب‌,بشهابح
IRO1JHRM0001,N2,عرضه برق، گاز، بخاروآب گرم,فهرست اوليه,JHRM1,Power Gen. Jarom,45118736321317244,توسعه مولد نيروگاهي جهرم,بجهرم
IRO1BFJR0001,N2,عرضه برق، گاز، بخاروآب گرم,فهرست اوليه,BFJR1,Fajr E.Persia Gulf,46178280540110577,فجر انرژي خليج فارس,بفجر
IRR1NIRO0101,N1,ماشين آلات و دستگاه‌هاي برقي,تابلو فرعي,NIRX1,Nirou Trans-R,46629374720083542,ح . نيروترانس‌,بنيروح
IRO1TRNS0001,N1,ماشين آلات و دستگاه‌هاي برقي,تابلو اصلي,TRNS1,S*Iran Transfo,46752599569017089,ايران‌ ترانسفو,بترانس
IRR1BAKH0101,N2,ماشين آلات و دستگاه‌هاي برقي,فهرست اوليه,BAKX1,Bakhtar Cable-R,46858597966426366,ح . كابل‌ باختر,باخترح
IRO1SWIC0001,N2,ماشين آلات و دستگاه‌هاي برقي,فهرست اوليه,SWIC1,Pars Switch,47377315952751604,پارس‌سويچ‌,بسويچ
IRR1TRNS0101,N1,ماشين آلات و دستگاه‌هاي برقي,تابلو فرعي,TRNX1,Iran Transfo-R,53697601723435147,ح . ايران‌ ترانسفو,بترانسح
IRO1BORS0001,N1,فعاليتهاي كمكي به نهادهاي مالي واسط,تابلو اصلي,BORS1,S*TehranStockExch.,60523145697836739,بورس اوراق بهادار تهران,بورس
IRO1KALZ0001,N2,ماشين آلات و دستگاه‌هاي برقي,فهرست اوليه,KALZ1,Alborz Cable,62952165421099192,كابل‌ البرز,بالبر
IRO1TTZC0001,N2,ماشين آلات و دستگاه‌هاي برقي,فهرست اوليه,TTZC1,Zangan Dist. Trans,64703398743024121,ترانسفورماتور توزيع زنگان,برانسفو
IRR1KGND0101,N1,ماشين آلات و دستگاه‌هاي برقي,تابلو فرعي,KGNX1,Ghandi Cables.-R,65266756318187150,ح.كارخانجات توليدي شهيد قندي,بكامح
IRO1LAPS0001,N2,ماشين آلات و دستگاه‌هاي برقي,فهرست اوليه,LAPS1,Pars Shahab,69454539056549106,لامپ‌  پارس‌ شهاب‌,بشهاب
IRO1JOSH0001,N2,ماشين آلات و دستگاه‌هاي برقي,فهرست اوليه,JOSH1,Yazd Jooshkab,70219663893822560,صنايع‌جوشكاب‌يزد,بكاب
IRO1LYZD0001,N2,ماشين آلات و تجهيزات,فهرست اوليه,LYZD1,Yazd Tire,3681415009616010,مجتمع‌صنايع‌لاستيك‌يزد,پيزد
IRR1PASH0101,N2,محصولات شيميايي,فهرست اوليه,PAHX1,Paksho-R,4208841225215712,ح . گروه صنعتي پاكشو,پاكشوح
IRO1LALZ0001,N2,لاستيك و پلاستيك,فهرست اوليه,LALZ1,Alborz Tire,5208723461432451,لاستيك‌البرز,پكيان
IRO1GAZL0001,N2,لاستيك و پلاستيك,فهرست اوليه,GAZL1,Gazlouleh,5938543336901420,گازلوله‌,پلوله
IRO1PARS0001,N2,محصولات شيميايي,فهرست اوليه,PARS1,PARS Petrochemical,6110133418282108,پتروشيمي پارس,پارس
IRO1KVRZ0001,N2,لاستيك و پلاستيك,فهرست اوليه,KVRZ1,Kavir Tire,7235435095059069,كوير تاير,پكوير
IRR1TAIR0101,N1,لاستيك و پلاستيك,تابلو فرعي,TAIX1,Iran Tire-R,7503566413749235,ح . ايران‌ تاير,پتايرح
IRR1BARZ0101,N2,لاستيك و پلاستيك,فهرست اوليه,BARX1,Kerman Tire-R,8676363345079392,ح . گروه‌ صنعتي‌ بارز,پكرمانح
IRO1IPAR0001,N1,بيمه وصندوق بازنشستگي به جزتامين اجتماعي,تابلو فرعي,IPAR1,Parsian,9481703061634967,بيمه پارسيان,پارسيان
IRO1SHND0001,N2,لاستيك و پلاستيك,فهرست اوليه,SHND1,Sahand Rubber,10120557300120078,صنايع‌ لاستيكي‌  سهند,پسهند
IRO1PERS0001,N2,استخراج نفت گاز و خدمات جنبي جز اکتشاف,فهرست اوليه,PERS1,Oil&Gas Persia,10497143354080476,توسعه صنعت نفت و گاز پرشيا,پرشيا
IRR1DENA0101,N2,لاستيك و پلاستيك,فهرست اوليه,DENX1,Dena Tire-R,13119207966484500,ح . توليدي‌لاستيك‌دنا,پدناح
IRR1PLKK0101,N2,لاستيك و پلاستيك,فهرست اوليه,PLKX1,Plascokar Saipa-R,13778389952963406,ح . پلاسكوكار,پلاسكح
IRO1PLST0001,N2,لاستيك و پلاستيك,فهرست اوليه,PLST1,Plastiran,14419337127600051,پلاستيران‌,پلاست
IRR1AYEG0101,N1,سرمايه گذاريها,تابلو اصلي,AYEX1,Ayegh Plastic-R,14819787164502995,ح .  سرمايه گذاري پرديس,پرديسح
IRO1AYEG0001,N1,سرمايه گذاريها,تابلو اصلي,AYEG1,Pardis Invsetment,15039949673085566,سرمايه گذاري پرديس,پرديس
IRO1BARZ0001,N2,لاستيك و پلاستيك,فهرست اوليه,BARZ1,Kerman Tire,23214828924506640,گروه‌ صنعتي‌ بارز,پكرمان
IRO1PASN0001,N1,محصولات شيميايي,تابلو اصلي,PASN1,S*Parsian Oil&Gas,23441366113375722,گسترش نفت و گاز پارسيان,پارسان
IRO1DRKH0001,N2,لاستيك و پلاستيك,فهرست اوليه,DRKH1,Derakhshan Teh.,24079409192818584,درخشان‌ تهران‌,پدرخش
IRO1ARTA0001,N2,لاستيك و پلاستيك,فهرست اوليه,ARTA1,Artavil Tire,29242941150825379,مجتمع‌صنعتي‌آرتاويل‌تاير,پارتا
IRR1IPTR0101,N2,محصولات شيميايي,فهرست اوليه,IPTX1,Ir.Inv.Petr-R,32874370564962210,ح . گروه پتروشيمي س. ايرانيان,پترولح
IRR1PRKT0101,N2,رايانه و فعاليت‌هاي وابسته به آن,فهرست اوليه,PRKX1,Behpardakht-R,34432997122108874,ح . به پرداخت ملت,پرداختح
IRR1PASN0101,N1,محصولات شيميايي,تابلو اصلي,PASX1,Parsian Oil&Gas-R,36319830972593153,ح. گسترش نفت  و گاز پارسيان,پارسانح
IRR1PLST0101,N2,لاستيك و پلاستيك,فهرست اوليه,PLSX1,Plastiran-R,37494506460682322,ح . پلاستيران‌,پلاستح
IRO1SHIN0001,N2,لاستيك و پلاستيك,فهرست اوليه,SHIN1,Shahin Plastic,38196133309450513,پلاستيك‌  شاهين‌,پشاهن
IRR1LALZ0101,N2,لاستيك و پلاستيك,فهرست اوليه,LALX1,Alborz Tire-R,41189775395878190,ح . لاستيك‌البرز,پكيانح
IRR1KVRZ0101,N2,لاستيك و پلاستيك,فهرست اوليه,KVRX1,Kavir Tire -R,41228676018429540,ح. كوير تاير,پكويرح
IRO1TAIR0001,N2,لاستيك و پلاستيك,فهرست اوليه,TAIR1,Iran Tire,41935584690956944,ايران‌ تاير,پتاير
IRR1GAZL0101,N2,لاستيك و پلاستيك,فهرست اوليه,GAZX1,Gazlouleh-R,45851925911348490,ح . گازلوله‌,پلولهح
IRR1DRKH0101,N2,لاستيك و پلاستيك,فهرست اوليه,DRKX1,Derakhshan Teh.-R,46023027311928862,ح . درخشان‌ تهران‌,پدرخشح
IRR1IPAR0101,N1,بيمه وصندوق بازنشستگي به جزتامين اجتماعي,تابلو فرعي,IPAX1,Parsian-R,50201903966895115,ح.بيمه پارسيان,پارسيانح
IRO1PLKK0001,N2,لاستيك و پلاستيك,فهرست اوليه,PLKK1,Plascokar Saipa,57722642338781674,پلاسكوكار,پلاسك
IRO1DENA0001,N2,لاستيك و پلاستيك,فهرست اوليه,DENA1,Dena Tire,58120226425289272,توليدي‌لاستيك‌دنا,پدنا
IRO1PRKT0001,N2,رايانه و فعاليت‌هاي وابسته به آن,فهرست اوليه,PRKT1,Behpardakht Mellat,59607545337891226,به پرداخت ملت,پرداخت
IRO1PASH0001,N2,محصولات شيميايي,فهرست اوليه,PASH1,Paksho,62786156501584862,گروه صنعتي پاكشو,پاكشو
IRO1YASA0001,N2,لاستيك و پلاستيك,فهرست اوليه,YASA1,Iran Yasa Tire,63580313877463104,ايران‌ياساتايرورابر,پاسا
IRR1ARTA0101,N2,لاستيك و پلاستيك,فهرست اوليه,ARTX1,Artavil Tire-R,64910575313738889,ح . مجتمع‌صنعتي‌آرتاويل‌تاير,پارتاح
IRR1SHND0101,N2,لاستيك و پلاستيك,فهرست اوليه,SHNX1,Sahand Rubber-R,67337799462256399,ح . صنايع‌ لاستيكي‌  سهند,پسهندح
IRO1IPTR0001,N2,محصولات شيميايي,فهرست اوليه,IPTR1,S*Ir.Inv.Petr.,69143674941561637,گروه پتروشيمي س. ايرانيان,پترول
IRR1SHIN0101,N2,لاستيك و پلاستيك,فهرست اوليه,SHIX1,Shahin Plastic-R,71208440662682926,ح . پلاستيك‌  شاهين‌,پشاهنح
IRO1TKNO0001,N2,ماشين آلات و تجهيزات,فهرست اوليه,TKNO1,Technotar,3654864906585643,تكنوتار,تكنو
IRO1HPKO0001,N2,ماشين آلات و تجهيزات,فهرست اوليه,HPKO1,Hepco,6274378166234446,توليدتجهيزات‌سنگين‌هپكو,تپكو
IRR1PTAP0101,N2,محصولات شيميايي,فهرست اوليه,PTAX1,Tamin Petro.-R,6491687805743913,ح . س.نفت وگازوپتروشيمي تأمين,تاپيكوح
IRO1MOZI0001,N2,ماشين آلات و تجهيزات,فهرست اوليه,MOZI1,Iran Tractor M.,8106875813689926,ماشين‌آلات صنعتي تراكتورسازي‌,تراك
IRO1TMLT0001,N2,فعاليتهاي كمكي به نهادهاي مالي واسط,فهرست اوليه,TMLT1,Mellat Inv. Bank,11129387075131725,تامين سرمايه بانك ملت,تملت
IRO1MNMH0001,N2,ماشين آلات و تجهيزات,فهرست اوليه,MNMH1,Niromohareke M.,15826229869421585,ماشين‌سازي‌نيرومحركه‌,تمحركه
IRO1TRIR0001,N1,ماشين آلات و تجهيزات,تابلو اصلي,TRIR1,Iran Tractor,19298748452450329,تراكتورسازي‌ايران‌,تايرا
IRR1TKNO0101,N2,ماشين آلات و تجهيزات,فهرست اوليه,TKNX1,Technotar-R,21727652065573865,ح . تكنوتار,تكنوح
IRO1PTAP0001,N2,محصولات شيميايي,فهرست اوليه,PTAP1,Tamin Petro.,22560050433388046,س. نفت و گاز و پتروشيمي تأمين,تاپيكو
IRO1SADR0001,N2,استخراج کانه هاي فلزي,فهرست اوليه,SADR1,Sadr Tamin Inv.,23293437377896568,سرمايه گذاري صدرتامين,تاصيكو
IRO1TNOV0001,N2,فعاليتهاي كمكي به نهادهاي مالي واسط,فهرست اوليه,TNOV1,S*Novin Investment,25357135030606405,تامين سرمايه نوين,تنوين
IRO1DTIP0001,N1,مواد و محصولات دارويي,تابلو فرعي,DTIP1,Tamin Daroo,29758477602878557,سرمايه گذاري دارويي تامين,تيپيكو
IRO1COMB0001,N2,ماشين آلات و تجهيزات,فهرست اوليه,COMB1,Iran Combine,30719054967088301,كمباين‌ سازي‌ ايران‌,تكمبا
IRO1PIRN0001,N2,ماشين آلات و تجهيزات,فهرست اوليه,PIRN1,Pumpiran,43062880954780884,پمپ‌ سازي‌ ايران‌,تپمپي
IRR1HPKO0101,N2,ماشين آلات و تجهيزات,فهرست اوليه,HPKX1,Hepco-R,44717433734548029,ح . توليدتجهيزات‌سنگين‌هپكو,تپكوح
IRR1PIRN0101,N2,ماشين آلات و تجهيزات,فهرست اوليه,PIRX1,Pumpiran-R,47931755217693300,ح . پمپ‌ سازي‌ ايران‌,تپمپيح
IRR1MNMH0101,N2,ماشين آلات و تجهيزات,فهرست اوليه,MNMX1,Niromohareke M.-R,58349566728384453,ح . ماشين‌سازي‌نيرومحركه‌,تمحركهح
IRR1FROZ0101,N2,ماشين آلات و تجهيزات,فهرست اوليه,FROX1,Firouza-R,58999606802857888,ح . فيروزا,تفيروح
IRO1FROZ0001,N2,ماشين آلات و تجهيزات,فهرست اوليه,FROZ1,Firouza,60938976068667707,فيروزا,تفيرو
IRO1GSKE0001,N2,ماشين آلات و تجهيزات,فهرست اوليه,GSKE1,A. I. S. D.,62258804563636993,گسترش‌صنايع‌وخدمات‌كشاورزي‌,تكشا
IRR1GSKE0101,N2,ماشين آلات و تجهيزات,فهرست اوليه,GSKX1,A. I. S. D.-R,66191028275418950,ح . صنايع‌وخدمات‌كشاورزي‌,تكشاح
IRO1TKLA0001,N1,فعاليتهاي كمكي به نهادهاي مالي واسط,تابلو فرعي,TKLA1,Good Exch.Prd.,67612261115225625,توليدكنندگان بورس كالاي ايران,تكالا
IRR1TRIR0101,N1,ماشين آلات و تجهيزات,تابلو اصلي,TRIX1,Iran Tractor -R,69858202392669780,ح . تراكتورسازي‌ايران‌,تايراح
IRR1COMB0101,N2,ماشين آلات و تجهيزات,فهرست اوليه,COMX1,Iran Combine-R,70480481633645190,ح . كمباين‌ سازي‌ ايران‌,تكمباح
IRR1MOZI0101,N2,ماشين آلات و تجهيزات,فهرست اوليه,MOZX1,Iran Tractor M.-R,70508258744702923,ح.ماشين‌آلات صنعتي تراكتورسازي,تراكح
IRO1MSKN0001,N1,انبوه سازي، املاك و مستغلات,تابلو اصلي,MSKN1,Housing Inv.,3863538898378476,سرمايه‌گذاري‌ مسكن‌,ثمسكن
IRR1NSTH0101,N2,انبوه سازي، املاك و مستغلات,فهرست اوليه,NSTX1,Tehran Const.-R,4325911723150569,ح . نوسازي‌وساختمان‌تهران‌,ثنوساح
IRO1PMSZ0001,N2,انبوه سازي، املاك و مستغلات,فهرست اوليه,PMSZ1,Maskan Invest.,6043384171800349,سرمايه گذاري مسكن شمال شرق,ثشرق
IRO1SESF0001,N2,انبوه سازي، املاك و مستغلات,فهرست اوليه,SESF1,Isfahan Const.,7424617629476020,ساختمان‌ اصفهان‌,ثاصفا
IRO1BMLI0001,N2,انبوه سازي، املاك و مستغلات,فهرست اوليه,BMLI1,Melli Industry,8403167990439117,بين المللي ساختمان و صنعت ملي,ثملي
IRO1BSTE0001,N2,انبوه سازي، املاك و مستغلات,فهرست اوليه,BSTE1,Int. Const.,17800036702302776,بين‌المللي‌توسعه‌ساختمان,ثاخت
IRO1SAJN0001,N2,انبوه سازي، املاك و مستغلات,فهرست اوليه,SAJN1,Sakht Ajand,22215980602177059,سخت‌ آژند,ثاژن
IRR1SESF0101,N2,انبوه سازي، املاك و مستغلات,فهرست اوليه,SESX1,Isfahan Const.-R,22328556318373924,ح . ‌ ساختمان‌ اصفهان‌,ثاصفاح
IRR1SAJN0101,N2,انبوه سازي، املاك و مستغلات,فهرست اوليه,SAJX1,Sakht Ajand-R,26257365377629881,ح . سخت‌ آژند,ثاژنح
IRR1MSKN0101,N1,انبوه سازي، املاك و مستغلات,تابلو اصلي,MSKX1,Housing Inv.-R,28570444064425663,ح . سرمايه‌گذاري‌ مسكن‌,ثمسكنح
IRR1SAHD0101,N1,انبوه سازي، املاك و مستغلات,تابلو اصلي,SAHX1,Shahed Inv.-R,28593434160948209,ح . سرمايه‌ گذاري‌ شاهد,ثشاهدح
IRO1OFRS0001,N2,انبوه سازي، املاك و مستغلات,فهرست اوليه,OFRS1,Fars Dev.,30852391633490755,عمران‌وتوسعه‌فارس‌,ثفارس
IRO1NSTH0001,N2,انبوه سازي، املاك و مستغلات,فهرست اوليه,NSTH1,S*Tehran Const.,32845891587040106,نوسازي‌وساختمان‌تهران‌,ثنوسا
IRR1ABAD0101,N1,انبوه سازي، املاك و مستغلات,تابلو فرعي,ABAX1,Abadgaran-R,34429961038727682,ح . ‌توريستي‌ورفاهي‌آبادگران‌,ثابادح
IRR1PMSZ0101,N2,انبوه سازي، املاك و مستغلات,فهرست اوليه,PMSX1,Maskan Invest.-R,35030544513071961,ح. سرمايه گذاري مسكن شمال شرق,ثشرقح
IRR1OFRS0101,N2,انبوه سازي، املاك و مستغلات,تابلو فرعي,OFRX1,Fars Dev.-R,39191249877936167,ح . عمران‌وتوسعه‌فارس‌,ثفارسح
IRR1SGOS0101,N1,انبوه سازي، املاك و مستغلات,تابلو فرعي,SGOX1,Saman Gostar-R,50193280705263642,ح . سامان‌ گستراصفهان‌,ثامانح
IRO1ABAD0001,N2,انبوه سازي، املاك و مستغلات,فهرست اوليه,ABAD1,Abadgaran,59612098290740355,توريستي ورفاهي آبادگران ايران,ثاباد
IRO1SAHD0001,N1,انبوه سازي، املاك و مستغلات,تابلو اصلي,SAHD1,Shahed Inv.,63481599728522324,سرمايه‌ گذاري‌ شاهد,ثشاهد
IRO1SGOS0001,N2,انبوه سازي، املاك و مستغلات,فهرست اوليه,SGOS1,Saman Gostar,66456062140680461,سامان‌ گستراصفهان‌,ثامان
IRR1BSTE0101,N2,انبوه سازي، املاك و مستغلات,فهرست اوليه,BSTX1,Int. Const.-R,68798377122760225,ح . بين‌المللي‌توسعه‌ساختمان,ثاختح
IRO1JPPC0001,N2,محصولات شيميايي,فهرست اوليه,JPPC1,Jam Pilen,27096851668435724,پلي پروپيلن جم - جم پيلن,جم پيلن
IRO1PJMZ0001,N2,محصولات شيميايي,فهرست اوليه,PJMZ1,Jam Petr.,32357363984168442,پتروشيمي جم,جم
IRR1PJMZ0101,N2,محصولات شيميايي,فهرست اوليه,PJMX1,Jam Petr - R,39154317701922264,ح . پتروشيمي جم,جمح
IRR1KSKA0101,N2,محصولات كاغذي,فهرست اوليه,KSKX1,Kaveh Paper-R,5648656842888275,ح . صنايع‌كاغذسازي‌كاوه‌,چكاوهح
IRR1NEOP0101,N2,محصولات چوبي,فهرست اوليه,NEOX1,Bahman Neopan-R,9807139177747641,ح . نيوپان‌ 22 بهمن‌,چنوپاح
IRO1CHDN0001,N1,ساخت محصولات فلزي,تابلو فرعي,CHDN1,producing CHDN,12329519546621752,توليدي چدن سازان,چدن
IRR1KMSH0101,N2,محصولات كاغذي,فهرست اوليه,KMSX1,Mashad Carton-R,23525504731363137,ح . كارتن‌ مشهد,چكارمح
IRO1OFST0001,N2,انتشار، چاپ و تکثير,فهرست اوليه,OFST1,Offset,23936607891892333,افست‌,چافست
IRO1KSKA0001,N2,محصولات كاغذي,فهرست اوليه,KSKA1,Kaveh Paper,24254843881948059,صنايع‌كاغذسازي‌كاوه‌,چكاوه
IRR1OFST0101,N2,انتشار، چاپ و تکثير,فهرست اوليه,OFSX1,Offset-R,26972528518663385,ح . افست‌,چافستح
IRR1KRTI0101,N2,محصولات كاغذي,فهرست اوليه,KRTX1,Iran Carton-R,32080380326575683,ح . كارتن‌ ايران‌,چكارنح
IRO1KMSH0001,N2,محصولات كاغذي,فهرست اوليه,KMSH1,Mashad Carton,45709267601703167,كارتن‌ مشهد,چكارم
IRO1KRTI0001,N2,محصولات كاغذي,فهرست اوليه,KRTI1,Iran Carton,53113471126689455,كارتن‌ ايران‌,چكارن
IRR1FIBR0101,N2,محصولات چوبي,فهرست اوليه,FIBX1,Iran Board-R,54424603805821073,ح . فيبر ايران‌,چفيبرح
IRR1BPRS0101,N2,محصولات كاغذي,فهرست اوليه,BPRX1,Pars Packing-R,57715478894469223,ح . بسته‌ بندي‌ پارس‌,چبسپاح
IRO1NEOP0001,N2,محصولات چوبي,فهرست اوليه,NEOP1,Bahman Neopan,62884523179768200,نيوپان‌ 22 بهمن‌,چنوپا
IRO1FIBR0001,N2,محصولات چوبي,فهرست اوليه,FIBR1,Iran Board,64358061873294912,فيبر ايران‌,چفيبر
IRO1BPRS0001,N2,محصولات كاغذي,فهرست اوليه,BPRS1,Pars Packing,68102953053087817,بسته‌ بندي‌ پارس‌,چبسپا
IRO1TAYD0001,N1,حمل ونقل، انبارداري و ارتباطات,تابلو اصلي,TAYD1,Tidewater,3722699128879020,تايدواترخاورميانه,حتايد
IRR1KSHJ0101,N2,حمل ونقل، انبارداري و ارتباطات,فهرست اوليه,KSHX1,IRI Marine Co.-R,14364842601603807,ح . كشتيراني ج. ا. ا,حكشتيح
IRO1HJPT0001,N2,حمل ونقل، انبارداري و ارتباطات,فهرست اوليه,HJPT1,Petr. Tran.,16369313804633525,حمل و نقل پتروشيمي( سهامي عام,حپترو
IRO1HTOK0001,N2,حمل ونقل، انبارداري و ارتباطات,فهرست اوليه,HTOK1,Tuka Trans.,22260326095996531,حمل‌ونقل‌توكا,حتوكا
IRR1HJPT0101,N2,حمل ونقل، انبارداري و ارتباطات,فهرست اوليه,HJPX1,Petr. Tran.-R,25129304172501430,ح . حمل و نقل پتروشيمي,حپتروح
IRO1HSHM0001,N1,استخراج نفت گاز و خدمات جنبي جز اکتشاف,تابلو اصلي,HSHM1,S*North Drilling,28809886765682162,حفاري شمال,حفاري
IRO1HFRS0001,N2,حمل ونقل، انبارداري و ارتباطات,فهرست اوليه,HFRS1,Khalij Fars Trans,35424116338766901,حمل و نقل بين المللي خليج فارس,حفارس
IRR1HTOK0101,N2,حمل ونقل، انبارداري و ارتباطات,فهرست اوليه,HTOX1,Tuka Trans.-R,42892937789646488,ح . حمل‌ونقل‌توكا,حتوكاح
IRR1HSHM0101,N1,استخراج نفت گاز و خدمات جنبي جز اکتشاف,تابلو اصلي,HSHX1,North Drilling-R,43667708360002073,ح . حفاري شمال,حفاريح
IRO1KSHJ0001,N2,حمل ونقل، انبارداري و ارتباطات,فهرست اوليه,KSHJ1,S*IRI Marine Co.,60610861509165508,كشتيراني جمهوري اسلامي ايران,حكشتي
IRO1KFJR0001,N1,حمل و نقل آبي,تابلو فرعي,KFJR1,IRI Marine Co.,60968111020776674,كشتيراني والفجر,حفجر
IRR1TAYD0101,N1,حمل ونقل، انبارداري و ارتباطات,تابلو اصلي,TAYX1,Tidewater-R,66234625721697786,ح . تايدواترخاورميانه‌,حتايدح
IRR1AZIN0101,N2,خودرو و ساخت قطعات,فهرست اوليه,AZIX1,Saipa Azin-R,22129017544200,ح . سايپاآذين‌,خاذينح
IRR1SIPA0101,N2,خودرو و ساخت قطعات,فهرست اوليه,SIPX1,Saipa-R,590761101519570,ح . سايپا,خساپاح
IRR1KAVR0101,N2,خودرو و ساخت قطعات,فهرست اوليه,KAVX1,Iran Khodro D.-R,726401865204843,ح . ايران‌ خودروديزل‌,خاورح
IRR1INDM0101,N2,خودرو و ساخت قطعات,فهرست اوليه,INDX1,Indamin-R,1852132120586484,ح . كمك‌فنرايندامين‌,خكمكح
IRR1RADI0101,N2,خودرو و ساخت قطعات,فهرست اوليه,RADX1,Iran Radiator-R,2262715289665960,ح . رادياتور ايران‌,ختورح
IRO1ZMYD0001,N2,خودرو و ساخت قطعات,فهرست اوليه,ZMYD1,Zamyad,2589887561569709,زامياد,خزاميا
IRO1SZPO0001,N2,خودرو و ساخت قطعات,فهرست اوليه,SZPO1,Sazeh Pouyesh,4758266259250794,سازه‌ پويش‌,خپويش
IRR1SZPO0101,N2,خودرو و ساخت قطعات,فهرست اوليه,SZPX1,Sazeh Pouyesh-R,6803271730717705,ح . سازه‌ پويش‌,خپويشح
IRO1TMKH0001,N1,خودرو و ساخت قطعات,تابلو فرعي,TMKH1,VAMCO,7457232989848872,توليدمحورخودرو,خمحور
IRO1ATIR0001,N1,خودرو و ساخت قطعات,تابلو فرعي,ATIR1,Iran Tractor F.,7483280423474368,آهنگري‌ تراكتورسازي‌ ايران‌,خاهن
IRR1IKCO0101,N2,خودرو و ساخت قطعات,فهرست اوليه,IKCX1,Iran Khodro-R,12088545433107773,ح . ايران‌ خودرو,خودروح
IRO1RIIR0001,N2,خودرو و ساخت قطعات,فهرست اوليه,RIIR1,Iran Casting,12752224677923341,صنايع‌ريخته‌گري‌ايران‌,خريخت
IRR1BHMN0101,N1,خودرو و ساخت قطعات,تابلو اصلي,BHMX1,Bahman Group-R,12964716133621704,ح . گروه‌بهمن‌,خبهمنح
IRR1MNSR0101,N2,خودرو و ساخت قطعات,فهرست اوليه,MNSX1,Nasir Machine-R,13010835010902276,ح . مهندسي‌نصيرماشين‌,خنصيرح
IRR1CHAR0101,N1,خودرو و ساخت قطعات,تابلو فرعي,CHAX1,Charkheshgar-R,14865390259501860,ح . چرخشگر,خچرخشح
IRO1LENT0001,N2,خودرو و ساخت قطعات,فهرست اوليه,LENT1,Iran Brake L.,14957056743925737,لنت‌ ترمزايران‌,خلنت
IRR1SDRA0101,N2,پيمانكاري صنعتي,فهرست اوليه,SDRX1,SADRA-R,17184779097179305,حذف-ح . صنعتي‌ دريايي‌ ايران‌,خصدراح
IRR1GOST0101,N1,خودرو و ساخت قطعات,تابلو اصلي,GOSX1,Iran Kh. Inv.-R,17237314339763699,ح . سرمايه‌گذاري‌ايران‌خودرو,خگسترح
IRO1MHKM0001,N2,خودرو و ساخت قطعات,فهرست اوليه,MHKM1,Mehrcam Pars,17330546482145553,مهركام‌پارس‌,خمهر
IRO1MNSR0001,N2,خودرو و ساخت قطعات,فهرست اوليه,MNSR1,Nasir Machine,17834623106317041,مهندسي‌نصيرماشين‌,خنصير
IRO1INDM0001,N2,خودرو و ساخت قطعات,فهرست اوليه,INDM1,Indamin,19257295292088310,كمك‌فنرايندامين‌,خكمك
IRO1RTIR0001,N2,خودرو و ساخت قطعات,فهرست اوليه,RTIR1,I. T. Foundry,22903901709044823,ريخته‌گري‌ تراكتورسازي‌ ايران‌,ختراك
IRR1MESI0101,N2,خودرو و ساخت قطعات,فهرست اوليه,MESX1,Iran Kh. A. M.-R,23552683239901730,ح . محورسازان‌ايران‌خودرو,خوسازح
IRR1FNAR0101,N2,خودرو و ساخت قطعات,فهرست اوليه,FNAX1,Zar Spring-R,24734871905109354,ح . فنرسازي‌زر,خزرح
IRO1SDRA0001,N2,پيمانكاري صنعتي,فهرست اوليه,SDRA1,SADRA,25165947991415904,حذف-صنعتي‌ دريايي‌ ايران‌,خصدرا
IRR1PKOD0101,N2,خودرو و ساخت قطعات,فهرست اوليه,PKOX1,Pars Khodro-R,25449662823397465,ح . پارس‌ خودرو,خپارسح
IRR1RINM0101,N2,خودرو و ساخت قطعات,فهرست اوليه,RINX1,Mashad Wheel-R,26142199530487668,ح . رينگ‌سازي‌مشهد,خرينگح
IRO1BHMN0001,N1,خودرو و ساخت قطعات,تابلو اصلي,BHMN1,Bahman Group,26824673819862694,گروه‌بهمن‌,خبهمن
IRO1KFAN0001,N2,خودرو و ساخت قطعات,فهرست اوليه,KFAN1,Khavar Spring,28033133021443774,فنرسازي‌خاور,خفنر
IRR1ATIR0101,N1,خودرو و ساخت قطعات,تابلو فرعي,ATIX1,Iran Tractor F.-R,29716513021318095,ح . آهنگري تراكتورسازي‌ ايران‌,خاهنح
IRO1MESI0001,N2,خودرو و ساخت قطعات,فهرست اوليه,MESI1,Iran Kh. A. M.,31879190587976736,محورسازان‌ايران‌خودرو,خوساز
IRO1FNAR0001,N2,خودرو و ساخت قطعات,فهرست اوليه,FNAR1,Zar Spring,32821908911812078,فنرسازي‌زر,خزر
IRO1CHAR0001,N1,خودرو و ساخت قطعات,تابلو فرعي,CHAR1,Charkheshgar,33783140337377394,چرخشگر,خچرخش
IRR1LENT0101,N2,خودرو و ساخت قطعات,فهرست اوليه,LENX1,Iran Brake L.-R,36110870923892956,ح . لنت‌ ترمزايران‌,خلنتح
IRR1KHSH0101,N2,خودرو و ساخت قطعات,فهرست اوليه,KHSX1,E. Kh. Shargh-R,36675444072965904,ح . الكتريك‌ خودرو شرق‌,خشرقح
IRR1NMOH0101,N1,خودرو و ساخت قطعات,تابلو فرعي,NMOX1,Nirou Moharreke-R,37350268082014292,ح . نيرو محركه‌,خمحركهح
IRR1ZMYD0101,N2,خودرو و ساخت قطعات,فهرست اوليه,ZMYX1,Zamyad-R,38005238879860126,ح . زامياد,خزامياح
IRO1NMOH0001,N1,خودرو و ساخت قطعات,تابلو فرعي,NMOH1,Nirou Moharreke,39436183727126211,نيرو محركه‌,خمحركه
IRR1RTIR0101,N2,خودرو و ساخت قطعات,تابلو فرعي,RTIX1,I. T. Foundry-R,41858326436945277,ح . ريخته‌گري‌ تراكتورسازي‌,ختراكح
IRO1AZIN0001,N2,خودرو و ساخت قطعات,فهرست اوليه,AZIN1,Saipa Azin,42075223783409640,سايپاآذين‌,خاذين
IRO1PKOD0001,N2,خودرو و ساخت قطعات,فهرست اوليه,PKOD1,S*Pars Khodro,42354736493447489,پارس‌ خودرو,خپارس
IRO1KRSN0001,N2,محصولات شيميايي,فهرست اوليه,KRSN1,Khorasan Petro.,43552974795606067,پتروشيمي خراسان,خراسان
IRR1KRIR0101,N1,خودرو و ساخت قطعات,تابلو فرعي,KRIX1,Irka Part -R,44678870441030319,ح.ايركا پارت صنعت,خكارح
IRO1RINM0001,N2,خودرو و ساخت قطعات,فهرست اوليه,RINM1,Mashad Wheel,45895339414786358,رينگ‌سازي‌مشهد,خرينگ
IRR1SPDZ0101,N2,خودرو و ساخت قطعات,فهرست اوليه,SPDX1,Saipa Diesel-R,46052543236360331,ح . سايپا ديزل‌,خكاوهح
IRO1GOST0001,N1,خودرو و ساخت قطعات,تابلو اصلي,GOST1,Iran Kh. Inv.,48990026850202503,گسترش‌سرمايه‌گذاري‌ايران‌خودرو,خگستر
IRO1RADI0001,N2,خودرو و ساخت قطعات,فهرست اوليه,RADI1,Iran Radiator,50185721305191887,رادياتور ايران‌,ختور
IRR1MHKM0101,N2,خودرو و ساخت قطعات,فهرست اوليه,MHKX1,Mehrcam Pars-R,50722377181482963,ح . مهركام‌پارس‌,خمهرح
IRO1SPDZ0001,N2,خودرو و ساخت قطعات,فهرست اوليه,SPDZ1,Saipa Diesel,51922189364308501,سايپا ديزل‌,خكاوه
IRR1GHAT0101,N1,خودرو و ساخت قطعات,تابلو فرعي,GHAX1,Iran Auto-Parts-R,56449205771773651,ح . قطعات‌ اتومبيل‌ ايران‌,ختوقاح
IRO1MSTI0001,N1,خودرو و ساخت قطعات,تابلو فرعي,MSTI1,Motorsazan,57273529732791251,موتورسازان‌تراكتورسازي‌ايران‌,خموتور
IRO1KRIR0001,N1,خودرو و ساخت قطعات,تابلو فرعي,KRIR1,Irka Part,59217041815333317,ايركا پارت صنعت,خكار
IRR1KFAN0101,N2,خودرو و ساخت قطعات,فهرست اوليه,KFAX1,Khavar Spring-R,61581369333689993,ح . فنرسازي‌خاور,خفنرح
IRR1MSTI0101,N1,خودرو و ساخت قطعات,تابلو فرعي,MSTX1,Motorsazan-R,62221150547292335,ح . موتورسازان‌تراكتورسازي‌,خموتورح
IRO1KHSH0001,N2,خودرو و ساخت قطعات,فهرست اوليه,KHSH1,E. Kh. Shargh,63915926161403347,الكتريك‌ خودرو شرق‌,خشرق
IRO1KAVR0001,N2,خودرو و ساخت قطعات,فهرست اوليه,KAVR1,Iran Khodro D.,67059303301834130,ايران‌ خودروديزل‌,خاور
IRO1GHAT0001,N1,خودرو و ساخت قطعات,تابلو فرعي,GHAT1,Iran Auto-Parts,70289374539527245,قطعات‌ اتومبيل‌ ايران‌,ختوقا
IRR1TMKH0101,N1,خودرو و ساخت قطعات,تابلو فرعي,TMKX1,VAMCO-R,71186910349639777,ح . توليدمحورخودرو,خمحورح
IRR1DALZ0101,N1,مواد و محصولات دارويي,تابلو اصلي,DALX1,Alborz Darou-R,3362850293262749,ح . البرزدارو,دالبرح
IRO1EXIR0001,N2,مواد و محصولات دارويي,فهرست اوليه,EXIR1,Exir Pharm.,4384288570322406,داروسازي‌ اكسير,دلر
IRO1DSBH0001,N2,مواد و محصولات دارويي,فهرست اوليه,DSBH1,Sobhan Pharm,5866848234665627,سبحان دارو,دسبحان
IRR1ABDI0101,N2,مواد و محصولات دارويي,فهرست اوليه,ABDX1,Dr. Abidi Lab.-R,7585208964980608,ح . داروسازي‌ دكترعبيدي‌,دعبيدح
IRO1DZAH0001,N2,مواد و محصولات دارويي,فهرست اوليه,DZAH1,Zahravi Phar.,8915450910866216,داروسازي‌زهراوي‌,دزهراوي
IRO1DSIN0001,N2,مواد و محصولات دارويي,فهرست اوليه,DSIN1,Sina Darou Lab.,11432067920374603,داروسازي‌ سينا,دسينا
IRR1THDR0101,N2,مواد و محصولات دارويي,فهرست اوليه,THDX1,Tehran Darou-R,11929836650963758,ح . داروسازي‌ تهران‌ دارو,دتهرانح
IRR1DOSE0101,N2,مواد و محصولات دارويي,فهرست اوليه,DOSX1,Osvah Pharm.-R,11936058301634784,ح . داروسازي‌ اسوه‌,داسوهح
IRO1DOSE0001,N2,مواد و محصولات دارويي,فهرست اوليه,DOSE1,Osvah Pharm.,12387472624849835,داروسازي‌ اسوه‌,داسوه
IRR1DDPK0101,N2,مواد و محصولات دارويي,فهرست اوليه,DDPX1,Daroupakhsh-R,16630588761222078,ح . شيمي‌ داروئي‌ داروپخش‌,دشيميح
IRR1DJBR0101,N1,مواد و محصولات دارويي,تابلو اصلي,DJBX1,Jaber Hayan P.-R,18079534829579164,ح . داروسازي‌ جابرابن‌حيان‌,دجابرح
IRR1TMVD0101,N1,مواد و محصولات دارويي,تابلو فرعي,TMVX1,Daroupakhash I.-R,18154205800023055,ح . توليدمواداوليه‌داروپخش‌,دتمادح
IRO1FTIR0001,N2,مواد و محصولات دارويي,فهرست اوليه,FTIR1,Iran Parenteral,18303237082155264,فرآورده‌هاي‌ تزريقي‌ ايران‌,دفرا
IRO1KIMI0001,N1,مواد و محصولات دارويي,تابلو اصلي,KIMI1,Chimidarou,20024911381434086,كيميدارو,دكيمي
IRR1DAML0101,N2,مواد و محصولات دارويي,فهرست اوليه,DAMX1,Damloran Pharm.-R,21533807502850906,ح . داروسازي زاگرس فارمد پارس,ددامح
IRO1DRZK0001,N2,مواد و محصولات دارويي,فهرست اوليه,DRZK1,Razak Lab.,22255783119783047,دارويي‌ رازك‌,درازك
IRO1DKSR0001,N1,مواد و محصولات دارويي,تابلو فرعي,DKSR1,Kowsar Pharm.,23353689102956991,داروسازي‌ كوثر,دكوثر
IRR1IRDR0101,N2,مواد و محصولات دارويي,فهرست اوليه,IRDX1,Iran Darou-R,25752723009842207,ح . ‌ايران‌دارو,ديرانح
IRO1THDR0001,N2,مواد و محصولات دارويي,فهرست اوليه,THDR1,Tehran Darou,26114418513020265,داروسازي‌ تهران‌ دارو,دتهران
IRR1DKSR0101,N1,مواد و محصولات دارويي,تابلو فرعي,DKSX1,Kowsar Pharm.-R,26314668128957507,ح . داروسازي‌ كوثر,دكوثرح
IRO1DLGM0001,N2,مواد و محصولات دارويي,فهرست اوليه,DLGM1,Loghman Pharm.,29247915161590165,دارويي‌ لقمان‌,دلقما
IRR1DABO0101,N2,مواد و محصولات دارويي,فهرست اوليه,DABX1,Abouraihan P.-R,32679348534913643,ح . داروسازي‌ ابوريحان‌,دابورح
IRO1DJBR0001,N1,مواد و محصولات دارويي,تابلو اصلي,DJBR1,Jaber Hayan P.,33406621820337161,داروسازي‌ جابرابن‌حيان‌,دجابر
IRO1DDPK0001,N2,مواد و محصولات دارويي,فهرست اوليه,DDPK1,Daroupakhsh,33603212156438463,شيمي‌ داروئي‌ داروپخش‌,دشيمي
IRO1TMVD0001,N1,مواد و محصولات دارويي,تابلو فرعي,TMVD1,Daroupakhash I.,34641719089573667,توليدمواداوليه‌داروپخش‌,دتماد
IRR1DSBH0101,N2,مواد و محصولات دارويي,فهرست اوليه,DSBX1,Sobhan Pharm-R,36667862403660976,ح. سبحان دارو,دسبحانح
IRR1DRZK0101,N2,مواد و محصولات دارويي,فهرست اوليه,DRZX1,Razak Lab.-R,38007943162762758,ح . دارويي‌ رازك‌,درازكح
IRR1DFRB0101,N1,مواد و محصولات دارويي,تابلو فرعي,DFRX1,Farabi Pharm.-R,38285971158073841,ح . داروسازي‌ فارابي‌,دفاراح
IRO1ROZD0001,N2,مواد و محصولات دارويي,فهرست اوليه,ROZD1,Rouz Darou P.,40262275031537922,داروسازي‌ روزدارو,دروز
IRR1AMIN0101,N1,مواد و محصولات دارويي,تابلو فرعي,AMIX1,Amin Pharm.-R,41673962293011307,ح . داروسازي‌ امين‌,دامينح
IRR1EXIR0101,N2,مواد و محصولات دارويي,فهرست اوليه,EXIX1,Exir Pharm.-R,42538255636473499,ح . داروسازي‌ اكسير,دلرح
IRR1KIMI0101,N1,مواد و محصولات دارويي,تابلو اصلي,KIMX1,Chimidarou-R,43588544194911344,ح . كيميدارو,دكيميح
IRO1DSOB0001,N1,مواد و محصولات دارويي,تابلو اصلي,DSOB1,Sobhan Pharm.,43622578471330344,گروه دارويي سبحان,دسبحا
IRR1BDAN0101,N2,بيمه وصندوق بازنشستگي به جزتامين اجتماعي,فهرست اوليه,BDAX1,Dana Insurance-R,46262771961973371,ح . بيمه دانا,داناح
IRO1BDAN0001,N2,بيمه وصندوق بازنشستگي به جزتامين اجتماعي,فهرست اوليه,BDAN1,Dana Insurance,48511238766369097,بيمه دانا,دانا
IRR1DZAH0101,N2,مواد و محصولات دارويي,فهرست اوليه,DZAX1,Zahravi Phar.-R,48879205486884942,ح . ‌داروسازي‌زهراوي‌,دزهراويح
IRO1ABDI0001,N2,مواد و محصولات دارويي,فهرست اوليه,ABDI1,Dr. Abidi Lab.,49054891736433700,لابراتوارداروسازي‌  دكترعبيدي‌,دعبيد
IRO1AMIN0001,N1,مواد و محصولات دارويي,تابلو فرعي,AMIN1,Amin Pharm.,50100062518826135,داروسازي‌ امين‌,دامين
IRR1DSOB0101,N1,مواد و محصولات دارويي,تابلو اصلي,DSOX1,Sobhan Pharm.-R,51063357877632134,ح .گروه دارويي سبحان,دسبحاح
IRR1DSIN0101,N2,مواد و محصولات دارويي,فهرست اوليه,DSIX1,Sina Darou Lab.-R,54299437423394846,ح . داروسازي‌ سينا,دسيناح
IRR1FTIR0101,N2,مواد و محصولات دارويي,فهرست اوليه,FTIX1,Iran Parenteral-R,54711449369613330,ح . فرآورده‌هاي‌ تزريقي‌,دفراح
IRO1DFRB0001,N1,مواد و محصولات دارويي,تابلو فرعي,DFRB1,Farabi Pharm.,56550776668133562,داروسازي‌ فارابي‌,دفارا
IRO1DALZ0001,N1,مواد و محصولات دارويي,تابلو اصلي,DALZ1,Alborz Darou,60451823714332895,البرزدارو,دالبر
IRO1DABO0001,N2,مواد و محصولات دارويي,فهرست اوليه,DABO1,Abouraihan P.,61332057061846617,داروسازي‌ ابوريحان‌,دابور
IRR1ROZD0101,N2,مواد و محصولات دارويي,فهرست اوليه,ROZX1,Rouz Darou P.-R,63452629875913229,ح . داروسازي‌ روزدارو,دروزح
IRO1PRDS0001,N2,محصولات شيميايي,فهرست اوليه,PRDS1,Disshap Petr.,64988580376499833,ديس شپ,ديسشپ
IRO1DAML0001,N2,مواد و محصولات دارويي,فهرست اوليه,DAML1,Damloran Pharm.,66450490505950110,داروسازي زاگرس فارمد پارس,ددام
IRR1DLGM0101,N2,مواد و محصولات دارويي,فهرست اوليه,DLGX1,Loghman Pharm.-R,66766792660974984,ح . دارويي‌ لقمان‌,دلقماح
IRO1DPAK0001,N2,مواد و محصولات دارويي,فهرست اوليه,DPAK1,Daroupakhsh P.,67988012428906654,كارخانجات‌داروپخش‌,دارو
IRO1IRDR0001,N2,مواد و محصولات دارويي,فهرست اوليه,IRDR1,Iran Darou,69090868458637360,ايران‌دارو,ديران
IRO1PDRO0001,N2,مواد و محصولات دارويي,فهرست اوليه,PDRO1,Pars Darou,70474983732269112,پارس‌ دارو,دپارس
IRO1TKIN0001,N2,خدمات فني و مهندسي,فهرست اوليه,TKIN1,Techinco,3823243780502959,كنترل‌خوردگي‌تكين‌كو,رتكو
IRR1RKSH0101,N2,رايانه و فعاليت‌هاي وابسته به آن,فهرست اوليه,RKSX1,Etebari Iran Co-R,21500060221654011,ح. كارت اعتباري ايران كيش,ركيشح
IRO1RKSH0001,N2,رايانه و فعاليت‌هاي وابسته به آن,فهرست اوليه,RKSH1,Etebari Iran Co,27952969918967492,كارت اعتباري ايران كيش,ركيش
IRO1INFO0001,N1,رايانه و فعاليت‌هاي وابسته به آن,تابلو اصلي,INFO1,Inf. Services,40505767672724777,خدمات‌انفورماتيك‌,رانفور
IRO1EPRS0001,N1,رايانه و فعاليت‌هاي وابسته به آن,تابلو فرعي,EPRS1,Parsian Ecommerc,41048299027409941,تجارت الكترونيك  پارسيان,رتاپ
IRR1INFO0101,N1,رايانه و فعاليت‌هاي وابسته به آن,تابلو اصلي,INFX1,Inf. Services-R,45097391187425276,ح . خدمات‌انفورماتيك‌,رانفورح
IRR1MAPN0101,N2,خدمات فني و مهندسي,تابلو فرعي,MAPX1,MAPNA-R,49532101082369992,ح. گروه مپنا (سهامي عام),رمپناح
IRR1EPRS0101,N1,رايانه و فعاليت‌هاي وابسته به آن,تابلو فرعي,EPRX1,Parsian Ecommerc-R,49613772749166261,ح.تجارت الكترونيك پارسيان,رتاپح
IRO1MAPN0001,N1,خدمات فني و مهندسي,تابلو فرعي,MAPN1,MAPNA,67126881188552864,گروه مپنا (سهامي عام),رمپنا
IRO1MAGS0001,N2,زراعت و خدمات وابسته,فهرست اوليه,MAGS1,Magsal Agri.,5054819322815158,كشاورزي‌ ودامپروي‌ مگسال‌,زمگسا
IRO1ZPRS0001,N2,زراعت و خدمات وابسته,فهرست اوليه,ZPRS1,Pars Agro.,33420285433308219,ملي كشت و صنعت و دامپروري پارس,زپارس
IRO1KOSR0001,N2,زراعت و خدمات وابسته,فهرست اوليه,KOSR1,Kowsar Agri. Inv.,42599305106713939,سرمايه گذاري كشاورزي كوثر,زكوثر
IRR1MAGS0101,N2,زراعت و خدمات وابسته,فهرست اوليه,MAGX1,Magsal Agri.-R,44723997362573824,ح . كشاورزي‌ ودامپروي‌ مگسال‌,زمگساح
IRR1SBHN0101,N2,سيمان، آهك و گچ,فهرست اوليه,SBHX1,Behbahan Cement-R,2122354233695079,ح . سيمان‌ بهبهان‌,سبهانح
IRO1FSIN0001,N2,شرکتهاي چند رشته اي صنعتي,فهرست اوليه,FSIN1,Investment Sina,2512214120008228,مالي و سرمايه گذاري سينا,سينا
IRR1SSOF0101,N1,سيمان، آهك و گچ,تابلو اصلي,SSOX1,Soufian Cement-R,2819110578357790,ح . سيمان‌ صوفيان‌,سصوفيح
IRR1SKER0101,N1,سيمان، آهك و گچ,تابلو اصلي,SKEX1,Kerman Cement-R,3037464497437282,ح . سيمان‌ كرمان‌,سكرماح
IRR1SSHR0101,N1,سيمان، آهك و گچ,تابلو اصلي,SSHX1,Shargh Cement-R,4351174618872221,ح . سيمان‌ شرق‌,سشرقح
IRO1SKHS0001,N2,سيمان، آهك و گچ,فهرست اوليه,SKHS1,Khash Cement,4470657233334072,سيمان‌خاش‌,سخاش
IRO1SFNO0001,N1,سيمان، آهك و گچ,تابلو فرعي,SFNO1,Siman Fars Noe,4528607775462304,سيمان فارس نو,سفانو
IRO1SDAB0001,N1,سيمان، آهك و گچ,تابلو فرعي,SDAB1,Darab Cement,4563413583000719,سيمان‌ داراب‌,ساراب
IRO1SIMS0001,N2,سيمان، آهك و گچ,فهرست اوليه,SIMS1,Shomal Cement,6757220448540984,سيمان‌ شمال‌,سشمال
IRR1SHGN0101,N1,سيمان، آهك و گچ,تابلو فرعي,SHGX1,Hegmatan Cement-R,7486145189544149,ح . سيمان‌هگمتان‌,سهگمتح
IRO1SEFH0001,N2,سيمان، آهك و گچ,فهرست اوليه,SEFH1,Isfahan Cement,10568944722570445,سيمان‌اصفهان‌,سصفها
IRR1SFAS0101,N2,ساير محصولات كاني غيرفلزي,فهرست اوليه,SFAX1,Ahwaz Farsit-R,10716103455591194,ح . فارسيت‌ اهواز,سفاسيتح
IRR1SROD0101,N1,سيمان، آهك و گچ,تابلو اصلي,SROX1,Shahroud Cement-R,11183410572675415,ح . سيمان‌شاهرود,سرودح
IRO1SROD0001,N1,سيمان، آهك و گچ,تابلو اصلي,SROD1,Shahroud Cement,11964419322927535,سيمان‌شاهرود,سرود
IRO1SSOF0001,N1,سيمان، آهك و گچ,تابلو فرعي,SSOF1,Soufian Cement,13227300125161435,سيمان‌ صوفيان‌,سصوفي
IRO1SSNR0001,N2,سيمان، آهك و گچ,فهرست اوليه,SSNR1,Neiriz Cement,14231831499205396,سيمان‌ سفيد ني‌ريز,سنير
IRO1SEIL0001,N2,سيمان، آهك و گچ,فهرست اوليه,SEIL1,Ilam Cement,14617104402836487,سيمان‌ ايلام‌,سيلام
IRR1SURO0101,N1,سيمان، آهك و گچ,تابلو اصلي,SURX1,Oroumiyeh Cem.-R,14983273215576895,ح . سيمان‌اروميه‌,سارومح
IRR1SKHS0101,N2,سيمان، آهك و گچ,فهرست اوليه,SKHX1,Khash Cement-R,15467183288337240,ح . سيمان‌خاش‌,سخاشح
IRO1SKER0001,N1,سيمان، آهك و گچ,تابلو اصلي,SKER1,Kerman Cement,15472396110662150,سيمان‌ كرمان‌,سكرما
IRO1SFKZ0001,N1,سيمان، آهك و گچ,تابلو اصلي,SFKZ1,S*F. & Kh. Cement,15521712617204216,سيمان فارس و خوزستان,سفارس
IRO1SURO0001,N1,سيمان، آهك و گچ,تابلو اصلي,SURO1,Oroumiyeh Cem.,15949743338644220,سيمان‌اروميه‌,ساروم
IRR1SDST0101,N2,سيمان، آهك و گچ,فهرست اوليه,SDSX1,Dashtestan Ce.-R,16566273757667380,ح .صنايع سيمان دشتستان,سدشتح
IRR1SFKZ0101,N1,سيمان، آهك و گچ,تابلو اصلي,SFKX1,F. & Kh. Cement-R,20593887444073437,ح . سيمان فارس و خوزستان,سفارسح
IRO1SFAS0001,N2,ساير محصولات كاني غيرفلزي,فهرست اوليه,SFAS1,Ahwaz Farsit,20603404633598318,فارسيت‌ اهواز,سفاسيت
IRR1SIMS0101,N2,سيمان، آهك و گچ,فهرست اوليه,SIMX1,Shomal Cement-R,23458117616920867,ح . سيمان‌ شمال‌,سشمالح
IRO1SKRN0001,N2,سيمان، آهك و گچ,فهرست اوليه,SKRN1,Karoon Cement,23742726069035026,سيمان‌ كارون‌,سكارون
IRR1SKRN0101,N2,سيمان، آهك و گچ,فهرست اوليه,SKRX1,Karoon Cement-R,24544113280557261,ح . سيمان‌ كارون‌,سكارونح
IRO1SAVE0001,N2,سيمان، آهك و گچ,فهرست اوليه,SAVE1,Saveh Cement,25360782993370900,سيمان‌سفيدساوه‌,ساوه
IRO1SSHR0001,N1,سيمان، آهك و گچ,تابلو فرعي,SSHR1,Shargh Cement,26997316501080743,سيمان‌ شرق‌,سشرق
IRO1SDST0001,N2,سيمان، آهك و گچ,فهرست اوليه,SDST1,Dashtestan Ce.,27000326841257664,صنايع سيمان دشتستان,سدشت
IRO1SDOR0001,N2,سيمان، آهك و گچ,فهرست اوليه,SDOR1,Doroud Cement,27218386411183410,سيمان‌ دورود,سدور
IRO1SMRG0001,N2,زراعت و خدمات وابسته,فهرست اوليه,SMRG1,Seamorgh Co.,28450080638096732,سيمرغ,سيمرغ
IRO1AZRT0001,N2,ساير محصولات كاني غيرفلزي,فهرست اوليه,AZRT1,Azarit,28987829009893424,آذريت‌,ساذري
IRO1SHZG0001,N2,سيمان، آهك و گچ,فهرست اوليه,SHZG1,Hormozgan Cem.,29747059672582491,سيمان‌هرمزگان‌,سهرمز
IRO1STEH0001,N1,سيمان، آهك و گچ,تابلو اصلي,STEH1,Tehran Cement,30829203706095076,سيمان‌ تهران‌,ستران
IRR1SHZG0101,N2,سيمان، آهك و گچ,فهرست اوليه,SHZX1,Hormozgan Cem.-R,31159891095753824,ح . سيمان‌هرمزگان‌,سهرمزح
IRO1SBHN0001,N2,سيمان، آهك و گچ,فهرست اوليه,SBHN1,Behbahan Cement,32525655729432562,سيمان‌ بهبهان‌,سبهان
IRO1SMAZ0001,N2,سيمان، آهك و گچ,فهرست اوليه,SMAZ1,Mazandaran Cem.,33808206014018431,سيمان‌مازندران‌,سمازن
IRR1CIDC0101,N2,سيمان، آهك و گچ,فهرست اوليه,CIDX1,Cement INV. Co.-R,34060949638085542,ح . س. توسعه صنايع سيمان,سيدكوح
IRR1SFNO0101,N1,سيمان، آهك و گچ,تابلو فرعي,SFNX1,Siman Fars Noe-R,34774414473029882,ح . سيمان فارس نو,سفانوح
IRO1SADB0001,N2,سيمان، آهك و گچ,فهرست اوليه,SADB1,Ardebil Cement,34890845654517313,سيمان آرتا اردبيل,ساربيل
IRR1AZRT0101,N2,ساير محصولات كاني غيرفلزي,فهرست اوليه,AZRX1,Azarit-R,35608558653140695,ح . آذريت‌,ساذريح
IRO1SSEP0001,N1,سيمان، آهك و گچ,تابلو اصلي,SSEP1,Sepahan Cement,35669480110084448,سيمان‌سپاهان‌,سپاها
IRO1IRNT0001,N2,ساير محصولات كاني غيرفلزي,فهرست اوليه,IRNT1,Iranit,36531083140502478,ايرانيت‌,سايرا
IRR1SMAZ0101,N2,سيمان، آهك و گچ,فهرست اوليه,SMAX1,Mazandaran Cem.-R,36927349282989093,ح . سيمان‌مازندران‌,سمازنح
IRO1CIDC0001,N2,سيمان، آهك و گچ,فهرست اوليه,CIDC1,Cement INV. Co.,37281199178613855,سرمايه گذاري توسعه صنايع سيمان,سيدكو
IRR1STEH0101,N1,سيمان، آهك و گچ,تابلو اصلي,STEX1,Tehran Cement-R,37577414956190228,ح . سيمان‌ تهران‌,سترانح
IRR1FRDO0101,N1,ساير محصولات كاني غيرفلزي,تابلو فرعي,FRDX1,Doroud Farsit-R,40750005236994995,ح . كارخانه‌فارسيت‌درود,سفارودح
IRR1SEFH0101,N2,سيمان، آهك و گچ,فهرست اوليه,SEFX1,Isfahan Cement-R,41026060125059078,ح . سيمان‌اصفهان‌,سصفهاح
IRO1SFRS0001,N2,سيمان، آهك و گچ,فهرست اوليه,SFRS1,Fars Cement,41227201752535311,سيمان‌فارس‌,سفار
IRO1SHGN0001,N1,سيمان، آهك و گچ,تابلو فرعي,SHGN1,Hegmatan Cement,41284516796232939,سيمان‌هگمتان‌,سهگمت
IRO1KHOC0001,N1,سيمان، آهك و گچ,تابلو فرعي,KHOC1,Khoozestan CE.,41974758296041288,سيمان خوزستان,سخوز
IRR1SGEN0101,N2,سيمان، آهك و گچ,فهرست اوليه,SGEX1,Qayen Cement-R,44969149970836673,ح . سيمان‌ قائن‌,سقاينح
IRO1SYSM0001,N1,رايانه و فعاليت‌هاي وابسته به آن,تابلو فرعي,SYSM1,Hamkaran System Co,47749661205825616,همكاران سيستم,سيستم
IRR1KHOC0101,N1,سيمان، آهك و گچ,تابلو فرعي,KHOX1,Khoozestan CE-R,47827701898502941,ح . سيمان خوزستان,سخوزح
IRR1SDOR0101,N2,سيمان، آهك و گچ,فهرست اوليه,SDOX1,Doroud Cement-R,48424973017498692,ح . سيمان‌ دورود,سدورح
IRR1SEIL0101,N2,سيمان، آهك و گچ,فهرست اوليه,SEIX1,Ilam Cement-R,48993230008229282,ح . سيمان‌ ايلام‌,سيلامح
IRR1SSEP0101,N1,سيمان، آهك و گچ,تابلو اصلي,SSEX1,Sepahan Cement-R,49361140703966185,ح . سيمان‌سپاهان‌,سپاهاح
IRR1SBOJ0101,N2,سيمان، آهك و گچ,فهرست اوليه,SBOX1,Bojnourd Cement-R,51223970438582603,ح . سيمان‌ بجنورد,سبجنوح
IRO1SGRB0001,N1,سيمان، آهك و گچ,تابلو فرعي,SGRB1,Gharb Cement.,52220424531578944,سيمان‌غرب‌,سغرب
IRR1SFRS0101,N2,سيمان، آهك و گچ,فهرست اوليه,SFRX1,Fars Cement-R,53932269673520256,ح . سيمان‌فارس‌,سفارح
IRO1SGEN0001,N2,سيمان، آهك و گچ,فهرست اوليه,SGEN1,Qayen Cement,60654872678917533,سيمان‌ قائن‌,سقاين
IRO1PRMT0001,N2,ساير محصولات كاني غيرفلزي,فهرست اوليه,PRMT1,Permit,61436127547874135,پرميت,سپرمي
IRO1FRDO0001,N1,ساير محصولات كاني غيرفلزي,تابلو فرعي,FRDO1,Doroud Farsit,62422436072345198,كارخانه‌فارسيت‌درود,سفارود
IRR1SADB0101,N2,سيمان، آهك و گچ,فهرست اوليه,SADX1,Ardebil Cement-R,62781722479769997,ح . سيمان آرتا اردبيل,ساربيلح
IRR1SKAZ0101,N1,سيمان، آهك و گچ,تابلو فرعي,SKAX1,Khazar Cement-R,63310105340116493,ح . سيمان‌ خزر,سخزرح
IRO1SKOR0001,N1,سيمان، آهك و گچ,تابلو فرعي,SKOR1,Kordesta Ce. Co.,65321970913593427,سيمان كردستان,سكرد
IRO1SBOJ0001,N2,سيمان، آهك و گچ,فهرست اوليه,SBOJ1,Bojnourd Cement,66295665969375744,سيمان‌ بجنورد,سبجنو
IRO1SKAZ0001,N1,سيمان، آهك و گچ,تابلو فرعي,SKAZ1,Khazar Cement,67327029014085707,سيمان‌ خزر,سخزر
IRR1SKOR0101,N1,سيمان، آهك و گچ,تابلو فرعي,SKOX1,Kordestan Cem.-R,67682387713029178,ح . سيمان كردستان,سكردح
IRR1SDAB0101,N1,سيمان، آهك و گچ,تابلو فرعي,SDAX1,Darab Cement-R,68002468728896305,ح . سيمان‌ داراب‌,سارابح
IRO1GDRS0001,N2,سيمان، آهك و گچ,فهرست اوليه,GDRS1,Ghadir Invest.,69456730984618304,توسعه سرمايه و صنعت غدير,سغدير
IRR1IRNT0101,N2,ساير محصولات كاني غيرفلزي,فهرست اوليه,IRNX1,Iranit-R,69885094622785625,ح . ايرانيت‌,سايراح
IRO1ABIK0001,N2,ساير محصولات كاني غيرفلزي,فهرست اوليه,ABIK1,Abiak Cement,70883594945615893,سيمان آبيك,سابيك
IRO1SEPK0001,N2,رايانه و فعاليت‌هاي وابسته به آن,فهرست اوليه,SEPK1,Saman-E-Kish,71856634742001725,پرداخت الكترونيك سامان كيش,سپ
IRO1KAFF0001,N2,محصولات شيميايي,فهرست اوليه,KAFF1,Kaf,180774784936665,كف‌,شكف
IRR1SHSI0101,N2,محصولات شيميايي,فهرست اوليه,SHSX1,Sina Chem. Ind.-R,1860384396424573,ح . صنايع‌شيميايي‌سينا,شسيناح
IRO1SHOY0001,N1,محصولات شيميايي,تابلو فرعي,SHOY1,Behshahr Ind.,3493306453706327,مديريت صنعت شوينده ت.ص.بهشهر,شوينده
IRR1PFRB0101,N2,محصولات شيميايي,فهرست اوليه,PFRX1,Farabi Petr.-R,6393093854932837,ح . پتروشيمي‌فارابي‌,شفاراح
IRR1PNTB0101,N1,فراورده هاي نفتي، كك و سوخت هسته اي,تابلو فرعي,PNTX1,Tabriz.Oil.RefineR,7632696113249142,ح. پالايش نفت تبريز,شبريزح
IRO1PARK0001,N1,محصولات شيميايي,تابلو اصلي,PARK1,Shazand Petr.,7711282667602555,پتروشيمي شازند,شاراك
IRO1PNES0001,N1,فراورده هاي نفتي، كك و سوخت هسته اي,تابلو اصلي,PNES1,S*Isf. Oil Ref.Co.,7745894403636165,پالايش نفت اصفهان,شپنا
IRR1SSIN0101,N1,محصولات شيميايي,تابلو فرعي,SSIX1,Iran Chem. Ind.-R,8992202615765020,ح . س. صنايع‌شيميايي‌ايران‌,شيرانح
IRO1ZNGN0001,N2,فراورده هاي نفتي، كك و سوخت هسته اي,فهرست اوليه,ZNGN1,Zangan Equip.,9049928781611298,تجهيزنيروي‌زنگان‌,شزنگ
IRR1BMPS0101,N2,محصولات شيميايي,فهرست اوليه,BMPX1,Pars Int. Mfg.-R,9171279728707865,ح . بين‌ المللي‌محصولات پارس‌,شپارسح
IRR1CRBN0101,N1,محصولات شيميايي,تابلو فرعي,CRBX1,Iran Carbon-R,10157407031358922,ح . كربن‌ ايران‌,شكربنح
IRR1PLAK0101,N2,محصولات شيميايي,فهرست اوليه,PLAX1,Iran Polyacryl-R,10549251453298737,ح . پلي‌اكريل‌,شپليح
IRO1PAKS0001,N1,محصولات شيميايي,تابلو اصلي,PAKS1,Paxan,11622051128546106,پاكسان‌,شپاكسا
IRO1PABD0001,N1,محصولات شيميايي,تابلو فرعي,PABD1,Abadan Petr.,11640540339380126,پتروشيمي‌ آبادان‌,شپترو
IRR1MAVA0101,N2,محصولات شيميايي,فهرست اوليه,MAVX1,Fiber Prod.-R,13279993223440273,ح . مواداوليه‌الياف‌مصنوعي‌,شموادح
IRO1NPRS0001,N1,فراورده هاي نفتي، كك و سوخت هسته اي,تابلو اصلي,NPRS1,Pars Oil,14073782708315535,نفت‌ پارس‌,شنفت
IRR1AMLH0101,N2,محصولات شيميايي,فهرست اوليه,AMLX1,Iran Amlah-R,14153483684603257,ح . معدني‌ املاح‌  ايران‌,شاملاح
IRO1PESF0001,N2,محصولات شيميايي,فهرست اوليه,PESF1,Isfahan Pertr.,14733297998516697,پتروشيمي‌ اصفهان‌,شصفها
IRO1SLVN0001,N2,محصولات شيميايي,فهرست اوليه,SLVN1,Pars Alvan Dye,14900251521017020,رنگ پارس الوان,شلوان
IRO1AMLH0001,N2,محصولات شيميايي,فهرست اوليه,AMLH1,Iran Amlah,16959429956899455,معدني‌ املاح‌  ايران‌,شاملا
IRR1PSHZ0101,N1,محصولات شيميايي,تابلو اصلي,PSHX1,Shiraz Petr.-R,19717343975708874,ح . پتروشيمي‌شيراز,شيرازح
IRR1NBEH0101,N1,فراورده هاي نفتي، كك و سوخت هسته اي,تابلو اصلي,NBEX1,Behran Oil-R,20300372560291314,ح . نفت‌ بهران‌,شبهرنح
IRO1PRDZ0001,N1,محصولات شيميايي,تابلو فرعي,PRDZ1,Pardis Petr.,20562694899904339,پتروشيمي پرديس,شپديس
IRO1NBEH0001,N1,فراورده هاي نفتي، كك و سوخت هسته اي,تابلو اصلي,NBEH1,Behran Oil,22667016906590506,نفت‌ بهران‌,شبهرن
IRR1NPRS0101,N1,فراورده هاي نفتي، كك و سوخت هسته اي,تابلو اصلي,NPRX1,Pars Oil-R,23142133203996048,ح . نفت‌ پارس‌,شنفتح
IRO1TSAL0001,N2,محصولات شيميايي,فهرست اوليه,TSAL1,Herbicides Prod,26785345607979150,توليد سموم‌ علف‌ كش,شسم
IRO1CRBN0001,N2,محصولات شيميايي,فهرست اوليه,CRBN1,Iran Carbon,27308217070238237,كربن‌ ايران‌,شكربن
IRR1ZNGN0101,N2,فراورده هاي نفتي، كك و سوخت هسته اي,فهرست اوليه,ZNGX1,Zangan Equip.-R,27441338542049382,ح . تجهيزنيروي‌زنگان‌,شزنگح
IRO1MAVA0001,N2,محصولات شيميايي,فهرست اوليه,MAVA1,Fiber Prod.,29915504190030439,توليدمواداوليه الياف‌مصنوعي‌,شمواد
IRO1NJEY0001,N2,فراورده هاي نفتي، كك و سوخت هسته اي,فهرست اوليه,NJEY1,Naft Jey Co.,30007580613586002,شركت نفت جي,شجي
IRO1SHSI0001,N2,محصولات شيميايي,فهرست اوليه,SHSI1,Sina Chem. Ind.,30974710508383145,صنايع‌شيميايي‌سينا,شسينا
IRR1SHRG0101,N2,محصولات شيميايي,فهرست اوليه,SHRX1,Rangin-R,31312374884749268,ح . صنعتي‌ رنگين‌,شرنگيح
IRO1PLAK0001,N2,محصولات شيميايي,فهرست اوليه,PLAK1,Iran Polyacryl,31920617569703557,پلي‌اكريل‌,شپلي
IRR1TOPI0101,N1,محصولات شيميايي,تابلو فرعي,TOPX1,Tolypers-R,32768389062627654,ح . تولي‌پرس‌,شتوليح
IRR1DODE0101,N2,محصولات شيميايي,فهرست اوليه,DODX1,Doode Sanati-R,32775115857585121,ح . دوده‌ صنعتي‌ پارس‌,شدوصح
IRR1SHFS0101,N2,محصولات شيميايي,فهرست اوليه,SHFX1,Fars Chem. Ind.-R,33124462307941707,ح . صنايع‌ شيميايي‌ فارس‌,شفارسح
IRR1NKOL0101,N1,محصولات شيميايي,تابلو فرعي,NKOX1,NiroCholor-R,33505686728824629,ح . نيروكلر,شكلرح
IRO1PNBA0001,N2,فراورده هاي نفتي، كك و سوخت هسته اي,فهرست اوليه,PNBA1,B.A Oil Refinie,35366681030756042,پالايش نفت بندرعباس,شبندر
IRO1SSIN0001,N1,محصولات شيميايي,تابلو فرعي,SSIN1,S*Iran Chem. Ind.,35796086458096255,س. صنايع‌شيميايي‌ايران,شيران
IRR1PPAM0101,N2,محصولات شيميايي,فهرست اوليه,PPAX1,Pars Pamchal-R,36597927530072864,ح . پارس‌ پامچال‌,شپمچاح
IRR1VASH0101,N2,محصولات شيميايي,فهرست اوليه,VASX1,Henkel Pakvash-R,36875068201975202,ح . هنكل‌ پاك‌ وش‌,شوشح
IRO1SHFA0001,N2,مواد و محصولات دارويي,فهرست اوليه,SHFA1,ShafaDarou Inv.,36899214178084525,سرمايه گذاري شفادارو,شفا
IRR1PESF0101,N2,محصولات شيميايي,فهرست اوليه,PESX1,Isfahan Pertr.-R,37397450502348400,ح . پتروشيمي‌ اصفهان‌,شصفهاح
IRO1PPAM0001,N2,محصولات شيميايي,فهرست اوليه,PPAM1,Pars Pamchal,38417665293111458,پارس‌ پامچال‌,شپمچا
IRO1PSHZ0001,N1,محصولات شيميايي,تابلو اصلي,PSHZ1,Shiraz Petr.,38568786927478796,پتروشيمي‌شيراز,شيراز
IRO1LEAB0001,N2,محصولات شيميايي,فهرست اوليه,LEAB1,Loabiran,39116664428676213,لعابيران‌,شلعاب
IRO1DODE0001,N2,محصولات شيميايي,فهرست اوليه,DODE1,Doode Sanati,40611478183231802,دوده‌ صنعتي‌ پارس‌,شدوص
IRO1SHFS0001,N2,محصولات شيميايي,فهرست اوليه,SHFS1,Fars Chem. Ind.,43781018754867729,صنايع‌ شيميايي‌ فارس‌,شفارس
IRO1GTSH0001,N2,محصولات شيميايي,فهرست اوليه,GTSH1,Goltash,44153164692325703,گلتاش‌,شگل
IRR1PRDZ0101,N1,محصولات شيميايي,تابلو فرعي,PRDX1,Pardis Petr. -R,45231878301843366,ح. پتروشيمي پرديس,شپديسح
IRR1GTSH0101,N2,محصولات شيميايي,فهرست اوليه,GTSX1,Goltash-R,46167643644457680,ح . گلتاش‌,شگلح
IRO1VASH0001,N2,محصولات شيميايي,فهرست اوليه,VASH1,Henkel Pakvash,46778692022402356,هنكل‌ پاك‌ وش‌,شوش
IRO1PNTB0001,N1,فراورده هاي نفتي، كك و سوخت هسته اي,تابلو فرعي,PNTB1,Tabriz.Oil.Refine,48753732042176709,پالايش نفت تبريز,شبريز
IRO1SEPP0001,N2,فراورده هاي نفتي، كك و سوخت هسته اي,فهرست اوليه,SEPP1,Spahan Naft,49188729526980541,نفت سپاهان,شسپا
IRO1THSH0001,N2,مواد و محصولات دارويي,فهرست اوليه,THSH1,Tehran Chemical,49831372632909204,تهران‌ شيمي‌,شتهران
IRO1PTEH0001,N2,فراورده هاي نفتي، كك و سوخت هسته اي,فهرست اوليه,PTEH1,Palayesh Tehran,51617145873056483,پالايش نفت تهران,شتران
IRR1PFAN0101,N1,محصولات شيميايي,تابلو اصلي,PFAX1,Fanavaran Petr.-R,55622199783443721,ح . پتروشيمي فناوران,شفنح
IRO1SHRG0001,N2,محصولات شيميايي,فهرست اوليه,SHRG1,Rangin,55761337960556026,صنعتي‌ رنگين‌,شرنگي
IRR1TSAL0101,N2,محصولات شيميايي,فهرست اوليه,TSAX1,Herbicides Prod-R,56145524393016216,ح . توليد سموم‌ علف‌ كش,شسمح
IRO1BMPS0001,N2,محصولات شيميايي,فهرست اوليه,BMPS1,Pars Int. Mfg.,61102694810476197,بين‌ المللي‌ محصولات‌  پارس‌,شپارس
IRO1NKOL0001,N1,محصولات شيميايي,تابلو فرعي,NKOL1,NiroCholor,62177651435283872,نيروكلر,شكلر
IRR1PARK0101,N1,محصولات شيميايي,تابلو اصلي,PARX1,Shazand Petr.-R,63190039561056038,ح . پتروشيمي شازند,شاراكح
IRR1THSH0101,N2,مواد و محصولات دارويي,فهرست اوليه,THSX1,Tehran Chemical-R,63950064557947536,ح . تهران‌ شيمي‌,شتهرانح
IRO1PFAN0001,N1,محصولات شيميايي,تابلو اصلي,PFAN1,Fanavaran Petr.,65122215875355555,پتروشيمي فناوران,شفن
IRR1LEAB0101,N2,محصولات شيميايي,فهرست اوليه,LEAX1,Loabiran-R,66183408418816482,ح . لعابيران‌,شلعابح
IRO1TOPI0001,N2,محصولات شيميايي,فهرست اوليه,TOPI1,Tolypers,67422066034966650,تولي‌پرس‌,شتولي
IRR1PKHA0101,N1,محصولات شيميايي,تابلو اصلي,PKHX1,Khark Petr.-R,67424359693542598,ح . پتروشيمي‌ خارك‌,شخاركح
IRO1PFRB0001,N2,محصولات شيميايي,فهرست اوليه,PFRB1,Farabi Petr.,67965884006655065,پتروشيمي‌فارابي‌,شفارا
IRR1PABD0101,N1,محصولات شيميايي,تابلو فرعي,PABX1,Abadan Petr.-R,68134183978822839,ح . پتروشيمي‌ آبادان‌,شپتروح
IRR1KAFF0101,N2,محصولات شيميايي,فهرست اوليه,KAFX1,Kaf-R,68215194515227175,ح . كف‌,شكفح
IRR1PAKS0101,N1,محصولات شيميايي,تابلو اصلي,PAKX1,Paxan-R,68629328102697289,ح . پاكسان‌,شپاكساح
IRR1PNES0101,N1,فراورده هاي نفتي، كك و سوخت هسته اي,تابلو اصلي,PNEX1,Isf. Oil. Ref.-R,70885929611298658,ح . پالايش نفت اصفهان,شپناح
IRO1PKHA0001,N1,محصولات شيميايي,تابلو اصلي,PKHA1,Khark Petr.,70934270174405743,پتروشيمي‌ خارك‌,شخارك
IRO1KDPS0001,N2,محصولات غذايي و آشاميدني به جز قند و شكر,فهرست اوليه,KDPS1,P. Animal Feed,2254054929817435,خوراك‌  دام‌ پارس‌,غدام
IRO1DMOR0001,N2,محصولات غذايي و آشاميدني به جز قند و شكر,فهرست اوليه,DMOR1,Dasht Morghab,2434703913394836,دشت‌ مرغاب‌,غدشت
IRR1SHPZ0101,N2,محصولات غذايي و آشاميدني به جز قند و شكر,فهرست اوليه,SHPX1,W. Azar. Pegah-R,2705253775088582,ح . ‌پگاه‌آذربايجان‌غربي‌,غشاذرح
IRO1MRAM0001,N2,محصولات غذايي و آشاميدني به جز قند و شكر,فهرست اوليه,MRAM1,Mahram Mfg.,6131290133202745,توليدي‌مهرام‌,غمهرا
IRR1LPAK0101,N2,محصولات غذايي و آشاميدني به جز قند و شكر,فهرست اوليه,LPAX1,Pak Dairy-R,6544645716121372,ح . لبنيات‌ پاك‌,غپاكح
IRR1BEPP0101,N2,محصولات غذايي و آشاميدني به جز قند و شكر,فهرست اوليه,BEPX1,Behpaak-R,10125150304958552,ح . بهپاك‌,غبهپاكح
IRR1NOSH0101,N2,محصولات غذايي و آشاميدني به جز قند و شكر,فهرست اوليه,NOSX1,Noush Maz.-R,10134751929001651,ح . نوش‌مازندران‌,غنوشح
IRR1CHCH0101,N2,محصولات غذايي و آشاميدني به جز قند و شكر,فهرست اوليه,CHCX1,Chin Chin-R,13083555452743181,ح . كشت‌ و صنعت‌ چين‌ چين,غچينح
IRR1MINO0101,N1,محصولات غذايي و آشاميدني به جز قند و شكر,تابلو فرعي,MINX1,Pars Minoo-R,13308396407628501,ح . پارس‌ مينو,غپينوح
IRR1SPKH0101,N2,محصولات غذايي و آشاميدني به جز قند و شكر,فهرست اوليه,SPKX1,Kh. Pegah Dairy-R,15581863918201593,ح . شيرپاستوريزه‌پگاه‌خراسان‌,غشانح
IRO1BENN0001,N2,محصولات غذايي و آشاميدني به جز قند و شكر,فهرست اوليه,BENN1,Behnoush Iran,17059960254855208,بهنوش‌ ايران‌,غبهنوش
IRR1SBEH0101,N1,محصولات غذايي و آشاميدني به جز قند و شكر,تابلو اصلي,SBEX1,Behshahr Ind.-R,17080537778426884,ح . صنعتي‌ بهشهر,غبشهرح
IRO1MINO0001,N1,محصولات غذايي و آشاميدني به جز قند و شكر,تابلو فرعي,MINO1,Pars Minoo,18401147983387689,پارس‌ مينو,غپينو
IRR1SPPE0101,N2,محصولات غذايي و آشاميدني به جز قند و شكر,فهرست اوليه,SPPX1,I. Pegah Dairy-R,20272770791380597,ح . شيرپاستوريزه‌پگاه‌اصفهان‌,غشصفاح
IRO1SHAD0001,N2,محصولات غذايي و آشاميدني به جز قند و شكر,فهرست اوليه,SHAD1,Shahdiran Inc.,20487994977117557,شهد ايران‌,غشهد
IRO1KIVN0001,N2,محصولات غذايي و آشاميدني به جز قند و شكر,فهرست اوليه,KIVN1,Keivan,21940781391333638,كيوان‌,غيوان
IRR1PIAZ0101,N2,محصولات غذايي و آشاميدني به جز قند و شكر,فهرست اوليه,PIAX1,Piazar Agro.-R,22096199430853991,ح . كشت‌وصنعت‌پياذر,غاذرح
IRO1GCOZ0001,N2,محصولات غذايي و آشاميدني به جز قند و شكر,فهرست اوليه,GCOZ1,Glucosan,22299894048845903,گلوكوزان‌,غگل
IRO1KLBR0001,N2,محصولات غذايي و آشاميدني به جز قند و شكر,فهرست اوليه,KLBR1,Kalber Dairy,24303422207378456,لبنيات‌كالبر,غالبر
IRR1RNAB0101,N2,محصولات غذايي و آشاميدني به جز قند و شكر,فهرست اوليه,RNAX1,Naab Ind.-R,27576096486410105,ح . روغن‌ نباتي‌ ناب‌,غنابح
IRO1SLMN0001,N2,محصولات غذايي و آشاميدني به جز قند و شكر,فهرست اوليه,SLMN1,Salemin Factory,28672095850798501,سالمين‌,غسالم
IRO1RNAB0001,N2,محصولات غذايي و آشاميدني به جز قند و شكر,فهرست اوليه,RNAB1,Naab Ind.,29631596152440287,روغن‌ نباتي‌ ناب‌,غناب
IRO1BEPP0001,N2,محصولات غذايي و آشاميدني به جز قند و شكر,فهرست اوليه,BEPP1,Behpaak,29650505265356603,بهپاك‌,غبهپاك
IRR1GCOZ0101,N2,محصولات غذايي و آشاميدني به جز قند و شكر,فهرست اوليه,GCOX1,Glucosan-R,30551124291517887,ح . گلوكوزان‌,غگلح
IRO1GORJ0001,N2,محصولات غذايي و آشاميدني به جز قند و شكر,فهرست اوليه,GORJ1,Gorji Biscuit,31024260997481994,بيسكويت‌  گرجي‌,غگرجي
IRO1SPKH0001,N2,محصولات غذايي و آشاميدني به جز قند و شكر,فهرست اوليه,SPKH1,Kh. Pegah Dairy,31791737198597563,شيرپاستوريزه‌پگاه‌خراسان‌,غشان
IRO1LPAK0001,N2,محصولات غذايي و آشاميدني به جز قند و شكر,فهرست اوليه,LPAK1,Pak Dairy,34032872653290886,لبنيات‌ پاك‌,غپاك
IRO1PIAZ0001,N2,محصولات غذايي و آشاميدني به جز قند و شكر,فهرست اوليه,PIAZ1,Piazar Agro.,35158826900216508,كشت‌وصنعت‌پياذر,غاذر
IRR1SHAD0101,N2,محصولات غذايي و آشاميدني به جز قند و شكر,فهرست اوليه,SHAX1,Shahdiran Inc.-R,36771749618541632,ح . شهد ايران‌,غشهدح
IRR1BENN0101,N2,محصولات غذايي و آشاميدني به جز قند و شكر,فهرست اوليه,BENX1,Behnoush Iran-R,38770731314949641,ح . بهنوش‌ ايران‌,غبهنوشح
IRR1SASN0101,N2,محصولات غذايي و آشاميدني به جز قند و شكر,فهرست اوليه,SASX1,Sasan-R,40309575177709730,ح . ساسان‌,غساساح
IRO1SBEH0001,N1,محصولات غذايي و آشاميدني به جز قند و شكر,تابلو اصلي,SBEH1,Behshahr Ind.,42387718866026650,صنعتي‌ بهشهر,غبشهر
IRO1CHCH0001,N2,محصولات غذايي و آشاميدني به جز قند و شكر,فهرست اوليه,CHCH1,Chin Chin,44850033148208596,كشت‌ و صنعت‌ چين‌ چين,غچين
IRO1NOSH0001,N2,محصولات غذايي و آشاميدني به جز قند و شكر,فهرست اوليه,NOSH1,Noush Maz.,48619517949257749,نوش‌ مازندران‌,غنوش
IRR1SLMN0101,N2,محصولات غذايي و آشاميدني به جز قند و شكر,فهرست اوليه,SLMX1,Salemin Factory-R,48926251886441092,ح . ‌سالمين‌,غسالمح
IRR1MRGN0101,N1,محصولات غذايي و آشاميدني به جز قند و شكر,تابلو فرعي,MRGX1,Margarin-R,50773402681099358,ح . مارگارين‌,غمارگح
IRO1SASN0001,N2,محصولات غذايي و آشاميدني به جز قند و شكر,فهرست اوليه,SASN1,Sasan,51229318675210816,ساسان‌,غساسا
IRR1KDPS0101,N2,محصولات غذايي و آشاميدني به جز قند و شكر,فهرست اوليه,KDPX1,P. Animal Feed-R,52139501202126140,ح . خوراك‌ دام‌ پارس‌,غدامح
IRO1MRGN0001,N1,محصولات غذايي و آشاميدني به جز قند و شكر,تابلو فرعي,MRGN1,Margarin,52975109254504632,مارگارين‌,غمارگ
IRR1KLBR0101,N2,محصولات غذايي و آشاميدني به جز قند و شكر,فهرست اوليه,KLBX1,Kalber Dairy-R,55490250330757201,ح . لبنيات‌كالبر,غالبرح
IRR1DMOR0101,N2,محصولات غذايي و آشاميدني به جز قند و شكر,فهرست اوليه,DMOX1,Dasht Morghab-R,59887874326934221,ح . دشت‌ مرغاب‌,غدشتح
IRO1SHPZ0001,N2,محصولات غذايي و آشاميدني به جز قند و شكر,فهرست اوليه,SHPZ1,W. Azar. Pegah,59921975187856916,پگاه‌آذربايجان‌غربي‌,غشاذر
IRO1SPPE0001,N2,محصولات غذايي و آشاميدني به جز قند و شكر,فهرست اوليه,SPPE1,I. Pegah Dairy,61506294208022391,شيرپاستوريزه‌پگاه‌اصفهان‌,غشصفا
IRR1MRAM0101,N2,محصولات غذايي و آشاميدني به جز قند و شكر,فهرست اوليه,MRAX1,Mahram Mfg.-R,63552922113415543,ح . توليدي‌مهرام‌,غمهراح
IRR1KIVN0101,N2,محصولات غذايي و آشاميدني به جز قند و شكر,فهرست اوليه,KIVX1,Keivan-R,69848800705652106,ح . كيوان‌,غيوانح
IRO1FRVR0001,N1,فلزات اساسي,تابلو فرعي,FRVR1,Iran Mineral P.,408934423224097,فرآوري‌موادمعدني‌ايران‌,فرآور
IRR1PMET0101,N2,فلزات اساسي,فهرست اوليه,PMEX1,Parsmetal-R,1518157759350339,ح . پارس‌ متال‌,فمتالح
IRR1ALMR0101,N2,فلزات اساسي,فهرست اوليه,ALMX1,Alomrad-R,2050740941534952,ح . آلومراد,فمرادح
IRR1SORB0101,N2,فلزات اساسي,فهرست اوليه,SORX1,N. I. L. Z.-R,3505675353152597,ح . ملي‌ سرب‌وروي‌ ايران‌,فسربح
IRR1SAMA0101,N1,ساخت محصولات فلزي,تابلو فرعي,SAMX1,Ama-R,3727693296236633,ح . صنعتي‌ آما,فاماح
IRO1FKAS0001,N1,فلزات اساسي,تابلو فرعي,FKAS1,Khorasan Steel Co.,4733285133017464,فولاد خراسان,فخاس
IRR1FKAS0101,N1,فلزات اساسي,تابلو فرعي,FKAX1,Khorasan Steel-R,5550649038347558,ح . فولاد خراسان,فخاسح
IRR1FAJR0101,N2,فلزات اساسي,فهرست اوليه,FAJX1,Amirkabir Steel.-R,5898511005624629,ح .فولاد امير كبير كاشان,فجرح
IRR1NGFO0101,N2,فلزات اساسي,فهرست اوليه,NGFX1,R. Mill Prod.-R,8175268772799530,ح . نوردوقطعات‌ فولادي‌,فنوردح
IRO1ALPS0001,N2,فلزات اساسي,فهرست اوليه,ALPS1,Pars Aluminum,8559354261956680,آلومينيم‌ پارس‌,فپارس
IRR1MSMI0101,N1,فلزات اساسي,تابلو اصلي,MSMX1,I. N. C. Ind.-R,8731565448647588,ح . ملي‌ صنايع‌ مس‌ ايران‌,فمليح
IRO1SEPA0001,N2,فلزات اساسي,فهرست اوليه,SEPA1,Sepahan Group,8977441217024425,گروه‌صنعتي‌سپاهان‌,فسپا
IRR1FRIS0101,N1,فلزات اساسي,تابلو فرعي,FRIX1,Iran Ferr.-R,10079795343879888,ح . فروسيليس‌ ايران‌,فروسح
IRO1FSAZ0001,N2,فلزات اساسي,فهرست اوليه,FSAZ1,GhaltakSaznSepahan,12874072841236826,غلتك سازان سپاهان,فسازان
IRR1FKHZ0101,N1,فلزات اساسي,تابلو اصلي,FKHX1,Khouz. Steel-R,13628968289488697,ح . فولاد خوزستان,فخوزح
IRR1SEPA0101,N2,فلزات اساسي,فهرست اوليه,SEPX1,Sepahan Group-R,15731047379849033,ح . گروه‌صنعتي‌سپاهان‌,فسپاح
IRO1BMAS0001,N2,ساخت محصولات فلزي,فهرست اوليه,BMAS1,Mashad Packing,16663779781503749,صنايع‌بسته‌بندي‌ مشهد,فبستم
IRO1ALMR0001,N2,فلزات اساسي,فهرست اوليه,ALMR1,Alomrad,18004480270695404,آلومراد,فمراد
IRO1FVAN0001,N2,فلزات اساسي,فهرست اوليه,FVAN1,Kaavian Steel,20253580805051293,فولادكاويان‌,فوكا
IRO1MARK0001,N2,ساخت محصولات فلزي,فهرست اوليه,MARK1,S*Arak M. Mfg.,20865316761157979,ماشين‌ سازي‌ اراك‌,فاراك
IRR1TFKR0101,N2,فلزات اساسي,فهرست اوليه,TFKX1,Kerman Ferr.-R,22314977867866119,ح . توليدفروموليبدن‌كرمان‌,فرومح
IRO1JSHO0001,N2,ساخت محصولات فلزي,فهرست اوليه,JSHO1,Iran Weld & Ox.,22742134293057021,جوش‌ و اكسيژن‌ ايران‌,فجوش
IRR1SPTA0101,N2,فلزات اساسي,فهرست اوليه,SPTX1,Sepanta-R,24832054403183361,ح . سپنتا,فپنتاح
IRO1PKLJ0001,N2,محصولات شيميايي,فهرست اوليه,PKLJ1,Khalij Fars,25244329144808274,صنايع پتروشيمي خليج فارس,فارس
IRO1LAMI0001,N2,ساخت محصولات فلزي,فهرست اوليه,LAMI1,Lamiran,25286509736208688,لاميران‌,فلامي
IRR1BIRI0101,N2,ساخت محصولات فلزي,فهرست اوليه,BIRX1,Iran Packing-R,26601876609464268,ح . بسته‌ بندي‌ ايران‌,فبيراح
IRO1FKHZ0001,N1,فلزات اساسي,تابلو اصلي,FKHZ1,Khouz. Steel,28864540805361867,فولاد  خوزستان,فخوز
IRO1JAMD0001,N2,ساخت محصولات فلزي,فهرست اوليه,JAMD1,Jaam Darou,30765727085936322,جام‌دارو,فجام
IRO1BIRI0001,N2,ساخت محصولات فلزي,فهرست اوليه,BIRI1,Iran Packing,31892548539456357,بسته‌ بندي‌ ايران‌,فبيرا
IRR1LAMI0101,N2,ساخت محصولات فلزي,فهرست اوليه,LAMX1,Lamiran-R,33658726815807637,ح . لاميران‌,فلاميح
IRR1NALM0101,N2,فلزات اساسي,فهرست اوليه,NALX1,Aluminum R.-R,34404581741939737,ح . نورد آلومينيوم‌,فنوالح
IRO1SAMA0001,N1,ساخت محصولات فلزي,تابلو فرعي,SAMA1,Ama,34673681828119297,صنعتي‌ آما,فاما
IRO1MSMI0001,N1,فلزات اساسي,تابلو اصلي,MSMI1,S*I. N. C. Ind.,35425587644337450,ملي‌ صنايع‌ مس‌ ايران‌,فملي
IRR1ALIR0101,N2,فلزات اساسي,فهرست اوليه,ALIX1,Iran Aluminium-R,36600889395640293,ح . آلومينيوم‌ايران‌,فايراح
IRO1LSDD0001,N2,فلزات اساسي,فهرست اوليه,LSDD1,Sadid Pipe,36608426654628266,لوله و تجهيزات سديد,فسديد
IRR1FOLD0101,N1,فلزات اساسي,تابلو اصلي,FOLX1,Mobarakeh Steel-R,37018498887928862,ح . فولاد مباركه اصفهان,فولادح
IRR1BAHN0101,N1,فلزات اساسي,تابلو اصلي,BAHX1,Bahonar Copper-R,38101196401916411,ح . مس‌ شهيدباهنر,فباهنرح
IRO1AZAB0001,N2,ساخت محصولات فلزي,فهرست اوليه,AZAB1,S*Azarab Ind.,38547060135156069,صنايع‌ آذرآب‌,فاذر
IRR1NLAH0101,N2,فلزات اساسي,فهرست اوليه,NLAX1,Ahwaz R. & P.-R,40526606175393916,ح . نوردولوله‌ اهواز,فاهوازح
IRO1FAIR0001,N1,فلزات اساسي,تابلو فرعي,FAIR1,Iran Fold,40808043719554948,فولاد آلياژي ايران,فولاژ
IRO1FAJR0001,N2,فلزات اساسي,فهرست اوليه,FAJR1,Amirkabir Steel,41302553376174581,فولاد اميركبيركاشان,فجر
IRR1FRVR0101,N1,فلزات اساسي,تابلو فرعي,FRVX1,Iran Mineral P.-R,41317265011382362,ح . فرآوري‌موادمعدني‌ايران‌,فرآورح
IRR1JAMD0101,N2,ساخت محصولات فلزي,فهرست اوليه,JAMX1,Jaam Darou-R,42201186298844859,ح . جام‌دارو,فجامح
IRO1PMET0001,N2,فلزات اساسي,فهرست اوليه,PMET1,Parsmetal,44571627722410412,پارس‌ متال‌,فمتال
IRR1ALPS0101,N2,فلزات اساسي,فهرست اوليه,ALPX1,Pars Aluminum-R,45801323230963889,ح . آلومينيم‌ پارس‌,فپارسح
IRO1FOLD0001,N1,فلزات اساسي,تابلو اصلي,FOLD1,S*Mobarakeh Steel,46348559193224090,فولاد مباركه اصفهان,فولاد
IRR1JSHO0101,N2,ساخت محصولات فلزي,فهرست اوليه,JSHX1,Iran Weld & Ox.-R,46661780956927518,ح . جوش‌ و اكسيژن‌ ايران‌,فجوشح
IRR1FVAN0101,N2,فلزات اساسي,فهرست اوليه,FVAX1,Kaavian Steel-R,48473870645523269,ح . فولادكاويان‌,فوكاح
IRO1LMIR0001,N2,فلزات اساسي,فهرست اوليه,LMIR1,Iran M. & P. M.,48623320733330408,لوله‌وماشين‌سازي‌ايران‌,فلوله
IRR1ENAZ0101,N2,ساخت محصولات فلزي,فهرست اوليه,ENAX1,Azarab Energy-R,50545475113911465,ح . گسترش‌صنايع‌انرژي‌آذرآب‌,فنرژيح
IRR1FAIR0101,N1,فلزات اساسي,تابلو فرعي,FAIX1,Iran Fold-R,53249498382937694,ح.فولاد آلياژي ايران,فولاژح
IRO1SORB0001,N2,فلزات اساسي,فهرست اوليه,SORB1,N. I. L. Z.,54277068923045214,ملي‌ سرب‌وروي‌ ايران‌,فسرب
IRO1FRIS0001,N1,فلزات اساسي,تابلو فرعي,FRIS1,Iran Ferr.,54419429862704331,فروسيليس‌ ايران‌,فروس
IRR1ALTK0101,N2,فلزات اساسي,فهرست اوليه,ALTX1,Alumtek-R,55163494925650570,ح . آلومتك‌,فالومح
IRO1ENAZ0001,N2,ساخت محصولات فلزي,فهرست اوليه,ENAZ1,Azarab Energy,56240779529754100,گسترش‌صنايع‌انرژي‌آذرآب‌,فنرژي
IRO1NGFO0001,N2,فلزات اساسي,فهرست اوليه,NGFO1,R. Mill Prod.,56324206651661881,نوردوقطعات‌ فولادي‌,فنورد
IRO1TFKR0001,N2,فلزات اساسي,فهرست اوليه,TFKR1,Kerman Ferr.,56585229755651616,توليدفروموليبدن‌كرمان‌,فروم
IRO1NALM0001,N2,فلزات اساسي,فهرست اوليه,NALM1,Aluminum R.,57875847776839336,نورد آلومينيوم‌,فنوال
IRR1LMIR0101,N2,فلزات اساسي,فهرست اوليه,LMIX1,Iran M. & P. M.-R,58242024190036642,ح . لوله‌وماشين‌سازي‌ايران‌,فلولهح
IRO1SOLI0001,N2,ساخت محصولات فلزي,فهرست اوليه,SOLI1,Soliran.,58892839837671228,سوليران‌,فسلير
IRO1LSAH0001,N2,فلزات اساسي,فهرست اوليه,LSAH1,Ahwaz Pipe Mill,62620182261149083,لوله‌سازي‌اهواز,فساز
IRR1BMAS0101,N2,ساخت محصولات فلزي,فهرست اوليه,BMAX1,Mashad Packing-R,62972959180501542,ح . صنايع‌بسته‌بندي‌ مشهد,فبستمح
IRO1ALIR0001,N2,فلزات اساسي,فهرست اوليه,ALIR1,S*Iran Aluminium,65004959184388996,آلومينيوم‌ايران‌,فايرا
IRR1KSIM0101,N1,فلزات اساسي,تابلو اصلي,KSIX1,Calcimine-R,65614373112361128,ح . كالسيمين‌,فاسمينح
IRO1KSIM0001,N1,فلزات اساسي,تابلو اصلي,KSIM1,Calcimine,66701874099226162,كالسيمين‌,فاسمين
IRO1BAHN0001,N1,فلزات اساسي,تابلو اصلي,BAHN1,Bahonar Copper,66772024744156373,مس‌ شهيدباهنر,فباهنر
IRR1MARK0101,N2,ساخت محصولات فلزي,فهرست اوليه,MARX1,Arak M. Mfg.-R,67073295895957349,ح . ماشين‌ سازي‌ اراك‌,فاراكح
IRO1SPTA0001,N2,فلزات اساسي,فهرست اوليه,SPTA1,Sepanta,68488673556087148,سپنتا,فپنتا
IRR1AZAB0101,N2,ساخت محصولات فلزي,فهرست اوليه,AZAX1,Azarab Ind.-R,68708769838923502,ح . صنايع‌ آذرآب‌,فاذرح
IRR1LSDD0101,N2,فلزات اساسي,فهرست اوليه,LSDX1,Sadid Group-R,69259498999037661,ح . لوله و تجهيزات سديد,فسديدح
IRO1ALTK0001,N2,فلزات اساسي,فهرست اوليه,ALTK1,Alumtek,70849059438036431,آلومتك‌,فالوم
IRO1NLAH0001,N2,فلزات اساسي,فهرست اوليه,NLAH1,Ahwaz R. & P.,71492985674836424,نوردولوله‌ اهواز,فاهواز
IRR1SOLI0101,N2,ساخت محصولات فلزي,فهرست اوليه,SOLX1,Soliran.-R,71756156794073862,ح . سوليران‌,فسليرح
IRO1GHEG0001,N2,قند و شكر,فهرست اوليه,GHEG1,Hegmatan Sugar,14398278072324784,قندهكمتان‌,قهكمت
IRO1GGAZ0001,N2,قند و شكر,فهرست اوليه,GGAZ1,Ghazvin Sugar,15259343650667588,كارخانجات‌ قند قزوين‌,قزوين
IRR1GESF0101,N2,قند و شكر,فهرست اوليه,GESX1,Isfahan Sugar-R,17197203950543191,ح . قنداصفهان‌,قصفهاح
IRO1GBJN0001,N2,قند و شكر,فهرست اوليه,GBJN1,S.Q.B. Sugar,18356933039391862,قندشيروان‌ ،قوچان‌ وبجنورد,قشير
IRR1SHKR0101,N2,قند و شكر,فهرست اوليه,SHKX1,Shahroud Sugar-R,20381036241470518,ح . ‌ شكرشاهرود,قشكرح
IRO1GGOH0001,N2,قند و شكر,فهرست اوليه,GGOH1,Ghohestan Sugar,24683827262592815,قند قهستان‌,قستان
IRR1GSHI0101,N2,قند و شكر,فهرست اوليه,GSHX1,Shirin Khorasan-R,28678187324376436,ح . قند شيرين‌ خراسان‌,قشرينح
IRO1GSHI0001,N2,قند و شكر,فهرست اوليه,GSHI1,Shirin Khorasan,30535783752961355,قند شيرين‌ خراسان‌,قشرين
IRO1GBIS0001,N2,قند و شكر,فهرست اوليه,GBIS1,Bisotun Sugar,33634705189692362,قند بيستون‌,قستون
IRO1GNJN0001,N2,قند و شكر,فهرست اوليه,GNJN1,Naghsh Jahan S.,34454945407422432,قندنقش‌جهان‌,قنقش
IRO1SHKR0001,N2,قند و شكر,فهرست اوليه,SHKR1,Shahroud Sugar,35964395659427029,شكرشاهرود,قشكر
IRR1GTOR0101,N2,قند و شكر,فهرست اوليه,GTOX1,Torbate Jaam S.-R,37451083085805929,ح .غذايي و قنتربت‌جام‌,قجامح
IRO1GHND0001,N2,قند و شكر,فهرست اوليه,GHND1,Khoy Sugar Co.,37631109616997982,شهد,قشهد
IRO1GARN0001,N2,محصولات شيميايي,فهرست اوليه,GARN1,Padide Shimi Gharn,39610074039667804,پديده شيمي قرن,قرن
IRO1GESF0001,N2,قند و شكر,فهرست اوليه,GESF1,Isfahan Sugar,40411537531154482,قنداصفهان‌,قصفها
IRR1GPRS0101,N2,قند و شكر,فهرست اوليه,GPRX1,Pars Sugar-R,41727358876253319,ح . قندپارس‌,قپارسح
IRR1GPSH0101,N2,قند و شكر,فهرست اوليه,GPSX1,Piranshahr S.-R,42230292145842208,ح . قندپيرانشهر,قپيراح
IRR1GHND0101,N2,قند و شكر,فهرست اوليه,GHNX1,Khoy Sugar Co.-R,42965645001665951,ح . شهد,قشهدح
IRO1GMRO0001,N2,قند و شكر,فهرست اوليه,GMRO1,Marvdasht Sugar,43342306308122676,قند مرودشت‌,قمرو
IRO1GSBE0001,N2,قند و شكر,فهرست اوليه,GSBE1,S*Sabet Khorasan,44967158778304588,قند ثابت‌ خراسان‌,قثابت
IRR1GLOR0101,N2,قند و شكر,فهرست اوليه,GLOX1,Lorestan Sugar-R,47415456025309183,ح . قند لرستان‌,قلرستح
IRO1GPRS0001,N2,قند و شكر,فهرست اوليه,GPRS1,Pars Sugar,47477233032133723,قندپارس‌,قپارس
IRR1GBJN0101,N2,قند و شكر,فهرست اوليه,GBJX1,S.Q.B. Sugar-R,47752890804996793,ح . قندشيروان‌ ،قوچان‌ وبجنورد,قشيرح
IRR1GSBE0101,N2,قند و شكر,فهرست اوليه,GSBX1,Sabet Khorasan-R,49384226669172647,ح . قند ثابت‌ خراسان‌,قثابتح
IRR1GHEG0101,N2,قند و شكر,فهرست اوليه,GHEX1,Hegmatan Sugar-R,49762562284200125,ح . قندهكمتان‌,قهكمتح
IRR1GBIS0101,N2,قند و شكر,فهرست اوليه,GBIX1,Bisotun Sugar-R,54071352171589816,ح . قند بيستون‌,قستونح
IRR1GGAZ0101,N2,قند و شكر,فهرست اوليه,GGAX1,Ghazvin Sugar-R,55042339780346549,ح . كارخانجات‌ قند قزوين‌,قزوينح
IRR1GNBO0101,N2,قند و شكر,فهرست اوليه,GNBX1,Neyshabour S.-R,55205982891279789,ح . قند نيشابور,قنيشاح
IRO1GLOR0001,N2,قند و شكر,فهرست اوليه,GLOR1,Lorestan Sugar,56820995669577571,قند لرستان‌,قلرست
IRR1GMRO0101,N2,قند و شكر,فهرست اوليه,GMRX1,Marvdasht Sugar-R,57007700552650971,ح . قند مرودشت‌,قمروح
IRO1GTOR0001,N2,قند و شكر,فهرست اوليه,GTOR1,Torbate Jaam S.,60021765857012878,فرآوردههاي غذايي وقندتربت‌جام‌,قجام
IRO1GNBO0001,N2,قند و شكر,فهرست اوليه,GNBO1,Neyshabour S.,63380098535169030,قند  نيشابور,قنيشا
IRR1GNJN0101,N2,قند و شكر,فهرست اوليه,GNJX1,Naghsh Jahan S.-R,64635313423278212,ح . قندنقش‌جهان‌,قنقشح
IRO1GPSH0001,N2,قند و شكر,فهرست اوليه,GPSH1,Piranshahr S.,67030488744129337,فرآورده‌هاي‌غدايي‌وقندپيرانشهر,قپيرا
IRR1GGOH0101,N2,قند و شكر,فهرست اوليه,GGOX1,Ghohestan Sugar-R,71944697706421313,ح . قند قهستان‌,قستانح
IRR1SHQZ0101,N2,ساير محصولات كاني غيرفلزي,فهرست اوليه,SHQX1,Ghazvin Glass-R,140099686459313,ح . شيشه‌ قزوين‌,كقزويح
IRO1NILO0001,N2,كاشي و سراميك,فهرست اوليه,NILO1,Nilou Tile,786234965064488,كاشي‌ نيلو,كنيلو
IRR1KSAD0101,N2,كاشي و سراميك,فهرست اوليه,KSAX1,Saadi Tile-R,1314853494617240,ح . كاشي‌ سعدي‌,كسعديح
IRO1DMVN0001,N2,استخراج کانه هاي فلزي,فهرست اوليه,DMVN1,Damavand Min.,3623921205367364,معدني‌ دماوند,كدما
IRO1ARDK0001,N1,ساير محصولات كاني غيرفلزي,تابلو فرعي,ARDK1,Ardekan Ceramic,4614779520007780,سراميك‌هاي‌صنعتي‌اردكان‌,كسرا
IRO1BAMA0001,N1,استخراج کانه هاي فلزي,تابلو اصلي,BAMA1,Bama,4942127026063388,باما,كاما
IRR1PSIR0101,N2,ساير محصولات كاني غيرفلزي,فهرست اوليه,PSIX1,Iran Glass Wool-R,5920319552619760,ح . پشم‌شيشه‌ايران‌,كپشيرح
IRO1TBAS0001,N2,استخراج زغال سنگ,فهرست اوليه,TBAS1,Negin Tabas L.,8977369674477111,ذغال‌سنگ‌ نگين‌ ط‌بس‌,كطبس
IRO1KPRS0001,N2,كاشي و سراميك,فهرست اوليه,KPRS1,Pars Tile,9698674686691945,كاشي‌ پارس‌,كپارس
IRR1PSER0101,N2,ساير محصولات كاني غيرفلزي,فهرست اوليه,PSEX1,Pars Ceram-R,9866485009925582,ح . پارس‌ سرام‌,كسرامح
IRR1TBAS0101,N2,استخراج زغال سنگ,فهرست اوليه,TBAX1,Negin Tabas L.-R,10168197471714005,ح . ذغال‌سنگ‌ نگين‌ ط‌بس‌,كطبسح
IRO1BHSM0001,N2,كاشي و سراميك,فهرست اوليه,BHSM1,Behceram,11278802993290837,توليدي‌گرانيت‌بهسرام‌,كهرام
IRO1ITAL0001,N2,ساير محصولات كاني غيرفلزي,فهرست اوليه,ITAL1,Italran,13196430375349226,ايتالران‌,كايتا
IRO1SHQZ0001,N2,ساير محصولات كاني غيرفلزي,فهرست اوليه,SHQZ1,Ghazvin Glass,13279867471688540,شيشه‌ قزوين‌,كقزوي
IRR1SINA0101,N1,كاشي و سراميك,تابلو فرعي,SINX1,Sina Tile-R,13482565247432073,ح . صنايع‌ كاشي‌ وسراميك‌ سينا,كساوهح
IRO1KCHI0001,N2,ساير محصولات كاني غيرفلزي,فهرست اوليه,KCHI1,Iran China Clay,16405556680571453,صنايع‌خاك‌چيني‌ايران‌,كخاك
IRO1CHML0001,N1,استخراج کانه هاي فلزي,تابلو اصلي,CHML1,Chadormalu,18027801615184692,معدني‌وصنعتي‌چادرملو,كچاد
IRO1NSPS0001,N2,ساير محصولات كاني غيرفلزي,فهرست اوليه,NSPS1,Pars Refract.,19471788163911687,فرآورده‌هاي‌ نسوز پارس‌,كفپارس
IRR1ARDK0101,N1,ساير محصولات كاني غيرفلزي,تابلو فرعي,ARDX1,Ardekan Ceramic-R,20044076668988655,ح . سراميك‌هاي‌صنعتي‌اردكان‌,كسراح
IRO1KNRZ0001,N2,استخراج کانه هاي فلزي,فهرست اوليه,KNRZ1,Saba Noor,20411759370751096,توسعه معدني و صنعتي صبانور,كنور
IRO1PSER0001,N2,ساير محصولات كاني غيرفلزي,فهرست اوليه,PSER1,Pars Ceram,20560887114747719,پارس‌ سرام‌,كسرام
IRR1NASI0101,N2,ساير محصولات كاني غيرفلزي,فهرست اوليه,NASX1,Iran Refract.-R,20622681776256207,ح . فراورده‌ هاي‌ نسوزايران‌,كفراح
IRO1ROOI0001,N1,استخراج کانه هاي فلزي,تابلو اصلي,ROOI1,Iran Zinc Mines,22787503301679573,توسعه‌ معادن‌ روي‌ ايران‌,كروي
IRO1NASI0001,N2,ساير محصولات كاني غيرفلزي,فهرست اوليه,NASI1,Iran Refract.,23837844039713715,فراورده‌ هاي‌ نسوزايران‌,كفرا
IRO1TKSM0001,N2,كاشي و سراميك,فهرست اوليه,TKSM1,Takceram,24085906177899789,توليدي‌ كاشي‌ تكسرام‌,كترام
IRR1ITAL0101,N2,ساير محصولات كاني غيرفلزي,فهرست اوليه,ITAX1,Italran-R,24117226355581020,ح . ايتالران‌,كايتاح
IRO1SINA0001,N1,كاشي و سراميك,تابلو فرعي,SINA1,Sina Tile,25001509088465005,صنايع‌ كاشي‌ و سراميك‌ سينا,كساوه
IRR1SISH0101,N2,ساير محصولات كاني غيرفلزي,فهرست اوليه,SISX1,Saipa Glass-R,25879082553156895,ح . سايپاشيشه‌,كساپاح
IRR1NSAZ0101,N2,ساير محصولات كاني غيرفلزي,فهرست اوليه,NSAX1,Azar Refract.-R,25896842749407120,ح . فرآورده‌هاي‌نسوزآذر,كاذرح
IRO1SISH0001,N2,ساير محصولات كاني غيرفلزي,فهرست اوليه,SISH1,Saipa Glass,28325731560106431,سايپاشيشه‌,كساپا
IRR1DMVN0101,N2,استخراج کانه هاي فلزي,فهرست اوليه,DMVX1,Damavand Min.-R,28711499450482077,ح . معدني‌ دماوند,كدماح
IRR1KHFZ0101,N2,كاشي و سراميك,فهرست اوليه,KHFX1,Hafez Tile-R,29075808594290931,ح . كاشي‌ وسراميك‌ حافظ‌,كحافظح
IRO1KSAD0001,N2,كاشي و سراميك,فهرست اوليه,KSAD1,Saadi Tile,29122854902865456,كاشي‌ سعدي‌,كسعدي
IRR1ROOI0101,N1,استخراج کانه هاي فلزي,تابلو اصلي,ROOX1,Iran Zinc Mines-R,29184718087541648,ح . توسعه‌ معادن‌ روي‌ ايران‌,كرويح
IRR1SGAZ0101,N2,ساير محصولات كاني غيرفلزي,فهرست اوليه,SGAX1,Glass and Gas-R,30561102210568623,ح . شيشه‌ و گاز,كگازح
IRO1KHFZ0001,N2,كاشي و سراميك,فهرست اوليه,KHFZ1,Hafez Tile,32257753560585502,كاشي‌ وسراميك‌ حافظ‌,كحافظ
IRO1ALVN0001,N2,كاشي و سراميك,فهرست اوليه,ALVN1,Alvand Tile,32678431934327184,كاشي‌ الوند,كلوند
IRO1GOLG0001,N1,استخراج کانه هاي فلزي,تابلو اصلي,GOLG1,Gol-E-Gohar.,35700344742885862,معدني و صنعتي گل گهر,كگل
IRR1SHMD0101,N1,ساير محصولات كاني غيرفلزي,تابلو فرعي,SHMX1,Hamadan Glass-R,35955196754615835,ح . شيشه‌ همدان‌,كهمداح
IRR1TKSM0101,N2,كاشي و سراميك,فهرست اوليه,TKSX1,Takceram-R,36019565007303075,ح . توليدي‌ كاشي‌ تكسرام‌,كترامح
IRO1KBRS0001,N1,فعاليتهاي كمكي به نهادهاي مالي واسط,تابلو اصلي,KBRS1,TSE Brokers,37366608481858080,كارگزاران بورس اوراق بهادار,كبورس
IRO1IRGC0001,N2,سيمان، آهك و گچ,فهرست اوليه,IRGC1,Iran Chalk,37369138117139150,ايران‌ گچ‌,كايگچ
IRO1PKER0001,N1,محصولات شيميايي,تابلو اصلي,PKER1,Kermanshah Petr,38437201078089290,صنايع پتروشيمي كرمانشاه,كرماشا
IRR1BAFG0101,N2,استخراج کانه هاي فلزي,فهرست اوليه,BAFX1,Bafgh Mining-R,40029719755707991,ح . معادن‌ بافق‌,كبافقح
IRR1TSRZ0101,N1,ساير محصولات كاني غيرفلزي,تابلو فرعي,TSRX1,Razi P. Glasses-R,41733197666474598,ح . ‌توليدي‌شيشه‌رازي‌,كرازيح
IRR1NILO0101,N2,كاشي و سراميك,فهرست اوليه,NILX1,Nilou Tile-R,42586304445866872,ح . كاشي‌ نيلو,كنيلوح
IRO1BAFG0001,N2,استخراج کانه هاي فلزي,فهرست اوليه,BAFG1,Bafgh Mining,43256212620530446,معادن‌ بافق‌,كبافق
IRR1CHML0101,N1,استخراج کانه هاي فلزي,تابلو اصلي,CHMX1,Chadormalu-R,43356599956782034,ح . معدني‌وصنعتي‌چادرملو,كچادح
IRR1KNRZ0101,N2,استخراج کانه هاي فلزي,فهرست اوليه,KNRX1,Saba Noor-R,43501047082635150,ح توسعه معدني و صنعتي صبانور,كنورح
IRO1KVIR0001,N2,فلزات اساسي,فهرست اوليه,KVIR1,Sepid Farab Kavir,43545527030854340,توليدي فولاد سپيد فراب كوير,كوير
IRR1CHIR0101,N1,كاشي و سراميك,تابلو فرعي,CHIX1,Irana Tile-R,44034797904823034,ح . چيني‌ ايران,كچينيح
IRO1KALA0001,N1,فعاليتهاي كمكي به نهادهاي مالي واسط,تابلو فرعي,KALA1,Commodity Exch.,44549439964296944,بورس كالاي ايران,كالا
IRR1ALVN0101,N2,كاشي و سراميك,فهرست اوليه,ALVX1,Alvand Tile-R,45727447257267582,ح . كاشي‌ الوند,كلوندح
IRR1ABGN0101,N2,ساير محصولات كاني غيرفلزي,فهرست اوليه,ABGX1,Abgineh-R,47134988689244518,ح . آبگينه‌,كابگنح
IRO1NSAZ0001,N2,ساير محصولات كاني غيرفلزي,فهرست اوليه,NSAZ1,Azar Refract.,49353447565507376,فرآورده‌هاي‌نسوزآذر,كاذر
IRO1MNGZ0001,N2,استخراج کانه هاي فلزي,فهرست اوليه,MNGZ1,Iran Mn. Mines,50341528161302545,معادن‌منگنزايران‌,كمنگنز
IRR1IRGC0101,N2,سيمان، آهك و گچ,فهرست اوليه,IRGX1,Iran Chalk-R,51800153073527165,ح . ايران‌ گچ‌,كايگچح
IRO1CHIR0001,N1,كاشي و سراميك,تابلو فرعي,CHIR1,Irana Tile,55376450081365373,چيني‌ ايران,كچيني
IRR1BHSM0101,N2,كاشي و سراميك,فهرست اوليه,BHSX1,Behceram-R,55500657710269413,ح . توليدي‌گرانيت‌بهسرام‌,كهرامح
IRO1KESF0001,N2,كاشي و سراميك,فهرست اوليه,KESF1,Isfahan Tile,55747512772958281,كاشي‌ اصفهان‌,كاصفا
IRO1ABGN0001,N2,ساير محصولات كاني غيرفلزي,فهرست اوليه,ABGN1,Abgineh,56040335629505100,آبگينه‌,كابگن
IRR1KCHI0101,N2,ساير محصولات كاني غيرفلزي,فهرست اوليه,KCHX1,Iran China Clay-R,56572417882819500,ح . صنايع‌خاك‌چيني‌ايران‌,كخاكح
IRR1VARZ0101,N2,ساير محصولات كاني غيرفلزي,فهرست اوليه,VARX1,Varziran-R,56738062726001817,ح . ورزيران‌,كورزح
IRO1TSRZ0001,N1,ساير محصولات كاني غيرفلزي,تابلو فرعي,TSRZ1,Razi P. Glasses,57086055330734195,كارخانجات‌توليدي‌شيشه‌رازي‌,كرازي
IRR1KESF0101,N2,كاشي و سراميك,فهرست اوليه,KESX1,Isfahan Tile-R,57576691407491832,ح . كاشي‌ اصفهان‌,كاصفاح
IRO1PSIR0001,N2,ساير محصولات كاني غيرفلزي,فهرست اوليه,PSIR1,Iran Glass Wool,57639364758870873,پشم‌شيشه‌ايران‌,كپشير
IRR1KPRS0101,N2,كاشي و سراميك,فهرست اوليه,KPRX1,Pars Tile-R,58024357149774390,ح . كاشي‌ پارس‌,كپارسح
IRO1VARZ0001,N2,ساير محصولات كاني غيرفلزي,فهرست اوليه,VARZ1,Varziran,58097053240000607,ورزيران‌,كورز
IRR1BAMA0101,N1,استخراج کانه هاي فلزي,تابلو اصلي,BAMX1,Bama-R,58330599921175874,ح . باما,كاماح
IRR1KVEH0101,N2,فلزات اساسي,فهرست اوليه,KVEX1,Kaveh Company-R,59525964192678026,ح .فولاد كاوه جنوب كيش,كاوهح
IRO1KVEH0001,N2,فلزات اساسي,فهرست اوليه,KVEH1,Kaveh Company,60350996279289099,فولاد كاوه جنوب كيش,كاوه
IRO1SGAZ0001,N2,ساير محصولات كاني غيرفلزي,فهرست اوليه,SGAZ1,Glass and Gas,62346804681275278,شيشه‌ و گاز,كگاز
IRR1GOLG0101,N1,استخراج کانه هاي فلزي,تابلو اصلي,GOLX1,Gol-E-Gohar.-R,62810990108260391,ح . معدني و صنعتي گل گهر,كگلح
IRR1NSPS0101,N2,ساير محصولات كاني غيرفلزي,فهرست اوليه,NSPX1,Pars Refract.-R,65836038919989820,ح . فرآورده‌هاي‌ نسوز پارس‌,كفپارسح
IRR1TAMI0101,N2,استخراج ساير معادن,فهرست اوليه,TAMX1,Sand Foundry-R,65916883530316213,ح . تامين‌ ماسه‌ ريخته‌گري‌,كماسهح
IRR1MNGZ0101,N2,استخراج کانه هاي فلزي,فهرست اوليه,MNGX1,Iran Mn. Mines-R,66630516232885208,ح . معادن‌منگنزايران‌,كمنگنزح
IRR1PKER0101,N1,محصولات شيميايي,تابلو اصلي,PKEX1,Kermanshah Petr-R,66733343177003497,ح. صنايع پتروشيمي كرمانشاه,كرماشاح
IRO1SHMD0001,N1,ساير محصولات كاني غيرفلزي,تابلو فرعي,SHMD1,Hamadan Glass,67206358287598044,شيشه‌ همدان‌,كهمدا
IRO1TAMI0001,N2,استخراج ساير معادن,فهرست اوليه,TAMI1,Sand Foundry,67690708346979840,تامين‌ ماسه‌ ريخته‌گري‌,كماسه
IRR1SRMA0101,N2,ماشين آلات و تجهيزات,فهرست اوليه,SRMX1,Sarma Afarin-R,244106582239634,ح . سرما آفرين‌,لسرماح
IRR1PELC0101,N2,ساخت دستگاه‌ها و وسايل ارتباطي,فهرست اوليه,PELX1,Pars Electric-R,3388451018224720,ح . پارس‌ الكتريك‌,لپارسح
IRO1PELC0001,N2,ساخت دستگاه‌ها و وسايل ارتباطي,فهرست اوليه,PELC1,Pars Electric,5187018329202415,پارس‌ الكتريك‌,لپارس
IRR1LKPS0101,N2,ماشين آلات و تجهيزات,فهرست اوليه,LKPX1,Pars Alliance-R,6912445055737597,ح . لوازم‌ خانگي‌ پارس‌,لخانهح
IRR1PYAM0101,N2,ساخت دستگاه‌ها و وسايل ارتباطي,فهرست اوليه,PYAX1,Payam Ind.-R,10625146599769364,ح . كارخانجات‌ صنعتي‌ پيام‌,لپيامح
IRR1IRPO0101,N2,ماشين آلات و تجهيزات,فهرست اوليه,IRPX1,Iran Pouya-R,13312547588339850,ح . ايران‌ پويا,لپوياح
IRO1IRPO0001,N2,ماشين آلات و تجهيزات,فهرست اوليه,IRPO1,Iran Pouya,17393119378053108,ايران‌ پويا,لپويا
IRR1AZMA0101,N2,ماشين آلات و تجهيزات,فهرست اوليه,AZMX1,Azmayesh-R,21405564783526739,ح . آزمايش‌,لازماح
IRO1KMOA0001,N2,ساخت دستگاه‌ها و وسايل ارتباطي,فهرست اوليه,KMOA1,Iran Tele Fact.,21758758306221606,كارخانجات‌مخابراتي‌ايران‌,لكما
IRO1TBHM0001,N2,ماشين آلات و تجهيزات,فهرست اوليه,TBHM1,Bahman Mfg.,23295417816476597,توليدي‌ بهمن‌,لبهمن
IRR1TBHM0101,N2,ماشين آلات و تجهيزات,فهرست اوليه,TBHX1,Bahman Mfg.-R,25524501289667446,ح . توليدي‌ بهمن‌,لبهمنح
IRO1BOTA0001,N1,ماشين آلات و تجهيزات,تابلو فرعي,BOTA1,Butane Group,30650426998863332,گروه‌صنعتي‌بوتان‌,لبوتان
IRO1SMRI0001,N2,ساخت دستگاه‌ها و وسايل ارتباطي,فهرست اوليه,SMRI1,Iran Tele.,36774567041364173,صنايع‌مخابراتي‌راه‌دورايران‌,لمخابر
IRO1PYAM0001,N2,ساخت دستگاه‌ها و وسايل ارتباطي,فهرست اوليه,PYAM1,Payam Ind.,38297715702941775,كارخانجات‌ صنعتي‌ پيام‌,لپيام
IRR1ASAL0101,N2,ماشين آلات و تجهيزات,فهرست اوليه,ASAX1,Absal-R,43124071611770324,ح . آبسال‌,لابساح
IRR1LTOS0101,N2,فعاليتهاي كمكي به نهادهاي مالي واسط,فهرست اوليه,LTOX1,Lotos Investment-R,43455612336353491,ح . تامين سرمايه لوتوس پارسيان,لوتوسح
IRO1LKPS0001,N2,ماشين آلات و تجهيزات,فهرست اوليه,LKPS1,Pars Alliance,43685510232615301,لوازم‌ خانگي‌ پارس‌,لخانه
IRR1KMOA0101,N2,ساخت دستگاه‌ها و وسايل ارتباطي,فهرست اوليه,KMOX1,Iran Tele Fact.-R,46035314754119963,ح . كارخانجات‌مخابراتي‌ايران‌,لكماح
IRO1SRMA0001,N2,ماشين آلات و تجهيزات,فهرست اوليه,SRMA1,Sarma Afarin,55897939403232751,سرما آفرين‌,لسرما
IRR1SMRI0101,N2,ساخت دستگاه‌ها و وسايل ارتباطي,فهرست اوليه,SMRX1,Iran Tele.-R,57462267975967417,ح . ‌مخابراتي‌راه‌دورايران‌,لمخابرح
IRO1LTOS0001,N2,فعاليتهاي كمكي به نهادهاي مالي واسط,فهرست اوليه,LTOS1,Lotos Investment,59142194115401696,تامين سرمايه لوتوس پارسيان,لوتوس
IRO1AZMA0001,N2,ماشين آلات و تجهيزات,فهرست اوليه,AZMA1,Azmayesh,59915902185156694,آزمايش‌,لازما
IRO1ASAL0001,N2,ماشين آلات و تجهيزات,فهرست اوليه,ASAL1,Absal,63363116407864462,آبسال‌,لابسا
IRO1KHAZ0001,N1,ماشين آلات و تجهيزات,تابلو فرعي,KHAZ1,Pars Khazar,65414507129586385,پارس‌ خزر,لخزر
IRO1JJNM0001,N2,ساخت دستگاه‌ها و وسايل ارتباطي,فهرست اوليه,JJNM1,Jame Jahan Nema,67093405131120717,توليدي‌ جام‌ جهان‌ نما,لجام
IRR1JJNM0101,N2,ساخت دستگاه‌ها و وسايل ارتباطي,فهرست اوليه,JJNX1,Jame Jahan Nema-R,67621826314697621,ح . توليدي‌ جام‌ جهان‌ نما,لجامح
IRR1KHAZ0101,N1,ماشين آلات و تجهيزات,تابلو فرعي,KHAX1,Pars Khazar-R,69377916525018465,ح . پارس‌ خزر,لخزرح
IRR1BOTA0101,N1,ماشين آلات و تجهيزات,تابلو فرعي,BOTX1,Butane Group-R,70528526190252660,ح . گروه‌صنعتي‌بوتان‌,لبوتانح
IRR1BMEL0101,N1,بيمه وصندوق بازنشستگي به جزتامين اجتماعي,تابلو فرعي,BMEX1,Mellat Insur-R,5811747532754081,ح. بيمه ملت,ملتح
IRR1DADE0101,N1,رايانه و فعاليت‌هاي وابسته به آن,تابلو فرعي,DADX1,DPI-R,12639781184165880,ح . داده‌پردازي‌ايران‌,مدارانح
IRR1BVMA0101,N2,بيمه وصندوق بازنشستگي به جزتامين اجتماعي,فهرست اوليه,BVMX1,Bime Ma Co-R,13461179188856487,ح . بيمه  ما,ماح
IRO1BMEL0001,N1,بيمه وصندوق بازنشستگي به جزتامين اجتماعي,تابلو فرعي,BMEL1,Mellat Insur.,13611044044646901,بيمه ملت,ملت
IRO1IAGM0001,N2,رايانه و فعاليت‌هاي وابسته به آن,فهرست اوليه,IAGM1,Iran Argham,23838634016123354,ايران‌ارقام‌,مرقام
IRO1MOBN0001,N2,عرضه برق، گاز، بخاروآب گرم,فهرست اوليه,MOBN1,Mobin Petr.,27922860956133067,مبين انرژي خليج فارس,مبين
IRO1BVMA0001,N2,بيمه وصندوق بازنشستگي به جزتامين اجتماعي,فهرست اوليه,BVMA1,Bime Ma Co.,29860265627578401,بيمه  ما,ما
IRO1DADE0001,N1,رايانه و فعاليت‌هاي وابسته به آن,تابلو فرعي,DADE1,DPI,65999092673039059,داده‌پردازي‌ايران‌,مداران
IRR1IAGM0101,N2,رايانه و فعاليت‌هاي وابسته به آن,فهرست اوليه,IAGX1,Iran Argham-R,66546619320950880,ح . ايران‌ارقام‌,مرقامح
IRR1MRIN0101,N2,منسوجات,فهرست اوليه,MRIX1,Iranmerinos-R,2855515398698068,ح . ايران‌ مرينوس‌,نمرينوح
IRO1NKLA0001,N1,فعاليتهاي كمكي به نهادهاي مالي واسط,تابلو فرعي,NKLA1,Good Exch.Ins.,10919655792568926,نهادهاي مالي بورس كالاي ايران,نكالا
IRO1NORI0001,N2,محصولات شيميايي,فهرست اوليه,NORI1,NORI Petrochemical,19040514831923530,پتروشيمي نوري,نوري
IRR1PTOS0101,N2,منسوجات,فهرست اوليه,PTOX1,Tous Woolen-R,29112217893232632,ح . پشم‌ بافي‌ توس‌,نتوسح
IRO1MRIN0001,N2,منسوجات,فهرست اوليه,MRIN1,Iranmerinos,30231789123900526,ايران‌ مرينوس‌,نمرينو
IRR1BROJ0101,N2,منسوجات,فهرست اوليه,BROX1,Boroujerd T.-R,55943815270366220,ح . نساجي‌ بروجرد,نبروجح
IRO1BROJ0001,N2,منسوجات,فهرست اوليه,BROJ1,Boroujerd T.,60061422939859083,نساجي‌ بروجرد,نبروج
IRO1NBRS0001,N1,فعاليتهاي كمكي به نهادهاي مالي واسط,تابلو اصلي,NBRS1,TSE financial,60095061789823130,نهادهاي مالي بورس اوراق بهادار,نبورس
IRO1PTOS0001,N2,منسوجات,فهرست اوليه,PTOS1,Tous Woolen,71499289762741257,پشم‌ بافي‌ توس‌,نتوس
IRO1BMLT0001,N1,بانكها و موسسات اعتباري,تابلو اصلي,BMLT1,S*Mellat Bank,778253364357513,بانك ملت,وبملت
IRO1TAZB0001,N2,انبوه سازي، املاك و مستغلات,فهرست اوليه,TAZB1,Azarbayjan Inv.,1358190916156744,سرمايه‌گذاري‌توسعه‌آذربايجان‌,وآذر
IRO1SPAH0001,N1,سرمايه گذاريها,تابلو اصلي,SPAH1,Sepah Inv.,2328862017676109,سرمايه‌گذاري‌ سپه‌,وسپه
IRR1TMEL0101,N1,سرمايه گذاريها,تابلو فرعي,TMEX1,Tosee Melli Inv-R,2362491091971813,ح . سرمايه‌گذاري‌توسعه‌ملي‌,وتوسمح
IRO1TOSA0001,N1,سرمايه گذاريها,تابلو اصلي,TOSA1,Iran Ind. Dev.,2944500421562364,گروه س توسعه صنعتي ايران,وتوصا
IRO1LIRZ0001,N1,ساير واسطه گريهاي مالي,تابلو اصلي,LIRZ1,Iranian Lizing,3149396562827132,ليزينگ ايرانيان,وايران
IRR1SAKH0101,N1,انبوه سازي، املاك و مستغلات,تابلو اصلي,SAKX1,Iran Const. Inv-R,3679885359158219,ح . سرمايه‌ گذاري‌ ساختمان‌,وساختح
IRR1GMEL0101,N2,دباغي، پرداخت چرم و ساخت انواع پاپوش,فهرست اوليه,GMEX1,Melli Ind. Grp.-R,3852548583453231,ح . گروه‌ صنعتي‌ ملي‌ (هلدينگ‌,ومليح
IRR1NAFT0101,N1,فراورده هاي نفتي، كك و سوخت هسته اي,تابلو اصلي,NAFX1,Oil Ind. Inv.-R,3893110467363738,ح . سرمايه‌گذاري‌ صنعت‌ نفت‌,ونفتح
IRR1SKBV0101,N2,سرمايه گذاريها,فهرست اوليه,SKBX1,Banks Employees-R,5818838554339991,ح.س.ص.بازنشستگي كاركنان بانكها,وسكابح
IRO1MELT0001,N2,سرمايه گذاريها,فهرست اوليه,MELT1,Melat Inv.,6626302649460766,سرمايه‌گذاري‌ملت‌,وملت
IRO1DARO0001,N1,مواد و محصولات دارويي,تابلو اصلي,DARO1,Daroupakhsh,7183333492448248,داروپخش‌ (هلدينگ‌,وپخش
IRO1RENA0001,N1,خودرو و ساخت قطعات,تابلو فرعي,RENA1,Rena Investment,7385624172574740,سرمايه‌گذاري‌ رنا(هلدينگ‌,ورنا
IRO1IKHR0001,N1,سرمايه گذاريها,تابلو اصلي,IKHR1,S*Kharazmy Invest,7395271748414592,سرمايه گذاري خوارزمي,وخارزم
IRR1IDOC0101,N2,سرمايه گذاريها,فهرست اوليه,IDOX1,Iran Motorcycle-R,7619581461589857,ح.سرمايه گذاري اعتبار ايران,واعتبارح
IRR1BANK0101,N1,شرکتهاي چند رشته اي صنعتي,تابلو اصلي,BANX1,Bank Melli Inv.-R,8279693426955446,ح. سرمايه گذاري گروه توسعه ملي,وبانكح
IRO1BPAS0001,N1,بانكها و موسسات اعتباري,تابلو فرعي,BPAS1,S*Pasargad Bank,9536587154100457,بانك  پاسارگاد,وپاسار
IRR1VSIN0101,N2,بانكها و موسسات اعتباري,فهرست اوليه,VSIX1,Sina Fin. Ins.-R,10814280156273322,ح . بانك سينا,وسيناح
IRO1SKBV0001,N2,سرمايه گذاريها,فهرست اوليه,SKBV1,Banks Employees,11258722998911897,س.ص.بازنشستگي كاركنان بانكها,وسكاب
IRO1VLMT0001,N2,ساير واسطه گريهاي مالي,فهرست اوليه,VLMT1,Mellat Leasing,11403770140000603,واسپاري ملت,ولملت
IRO1BIME0001,N1,سرمايه گذاريها,تابلو فرعي,BIME1,Insurance Inv.,11773403764702778,سرمايه‌ گذاري‌ صنعت‌ بيمه‌,وبيمه
IRO1TSBE0001,N1,محصولات غذايي و آشاميدني به جز قند و شكر,تابلو اصلي,TSBE1,S*Behshahr Inv.,13937270451301973,توسعه‌ صنايع‌ بهشهر(هلدينگ,وبشهر
IRR1GBEH0101,N1,سرمايه گذاريها,تابلو فرعي,GBEX1,Behshahr Group-R,15406006540387078,ح . ‌گروه‌صنايع‌بهشهرايران‌,وصناح
IRR1SDID0101,N2,فلزات اساسي,فهرست اوليه,SDIX1,Sadid Group-R,17153727206566342,ح . گروه‌صنعتي‌سديد(هلدينگ‌,وسديدح
IRO1TMEL0001,N1,سرمايه گذاريها,تابلو فرعي,TMEL1,Tosee Melli Inv,17528249960294496,سرمايه‌گذاري‌توسعه‌ملي‌,وتوسم
IRO1SBAH0001,N1,سرمايه گذاريها,تابلو اصلي,SBAH1,Bahman Inv.,18063426072758458,سرمايه‌گذاري‌بهمن‌,وبهمن
IRR1LSMD0101,N1,ساير واسطه گريهاي مالي,تابلو اصلي,LSMX1,Ind. & M. L.-R,19216138630342675,ح . ليزينگ‌صنعت‌ومعدن‌,ولصنمح
IRR1BPAR0101,N1,بانكها و موسسات اعتباري,تابلو فرعي,BPAX1,Parsian Bank-R,19853987870179776,ح . بانك‌پارسيان‌,وپارسح
IRR1TOSA0101,N1,سرمايه گذاريها,تابلو اصلي,TOSX1,Iran Ind. Dev.-R,20278348345530119,ح. سرمايه‌گذاري توسعه‌صنعتي,وتوصاح
IRO1LZIN0001,N1,ساير واسطه گريهاي مالي,تابلو فرعي,LZIN1,Leasing Iran,20946530370469828,ليزينگ‌ايران‌,وليز
IRO1BPST0001,N2,بانكها و موسسات اعتباري,فهرست اوليه,BPST1,Post Bank,22087269603540841,پست بانك ايران,وپست
IRO1LKGH0001,N1,ساير واسطه گريهاي مالي,تابلو فرعي,LKGH1,Ghadir Kh. L.,23086515493897579,ليزينگ‌خودروغدير,ولغدر
IRR1BALI0101,N2,سرمايه گذاريها,فهرست اوليه,BALX1,Buali Inv.-R,23185568638908069,ح . سرمايه‌گذاري‌بوعلي‌,وبوعليح
IRR1BMLT0101,N1,بانكها و موسسات اعتباري,تابلو اصلي,BMLX1,Mellat Bank - R,25043059770705816,ح . بانك ملت,وبملتح
IRO1NIKI0001,N1,سرمايه گذاريها,تابلو اصلي,NIKI1,Iran N. Inv.,25336820825905643,سرمايه‌گذاري‌ ملي‌ايران‌,ونيكي
IRR1TOKA0101,N1,فلزات اساسي,تابلو اصلي,TOKX1,Tukafoolad Inv.-R,25387056990464790,ح . ‌توكافولاد(هلدينگ‌,وتوكاح
IRO1SAKH0001,N1,انبوه سازي، املاك و مستغلات,تابلو اصلي,SAKH1,Iran Const. Inv,25514780181345713,سرمايه‌ گذاري‌ ساختمان‌ايران‌,وساخت
IRR1BKHZ0101,N2,بانكها و موسسات اعتباري,فهرست اوليه,BKHX1,Bank of M.E.-R,25661711955019337,ح . بانك خاورميانه,وخاورح
IRO1GDIR0001,N1,شرکتهاي چند رشته اي صنعتي,تابلو اصلي,GDIR1,Ghadir Inv.,26014913469567886,سرمايه‌گذاري‌غدير(هلدينگ‌,وغدير
IRR1NIKI0101,N1,سرمايه گذاريها,تابلو اصلي,NIKX1,Iran N. Inv.-R,26090464295830176,ح . سرمايه‌گذاري‌ ملي‌ايران‌,ونيكيح
IRR1SSAP0101,N2,سرمايه گذاريها,فهرست اوليه,SSAX1,Saipa Inv.-R,26643740599997035,ح . سرمايه‌گذاري‌ سايپا,وساپاح
IRR1IKHR0101,N1,سرمايه گذاريها,تابلو اصلي,IKHX1,Kharazmy Invest-R,27729386420118206,ح.سرمايه گذاري خوارزمي,وخارزمح
IRO1BSDR0001,N1,بانكها و موسسات اعتباري,تابلو فرعي,BSDR1,Saderat Bank,28320293733348826,بانك صادرات ايران,وبصادر
IRO1BALI0001,N1,سرمايه گذاريها,تابلو فرعي,BALI1,Buali Inv.,28328710198554144,سرمايه‌گذاري‌بوعلي‌,وبوعلي
IRO1KARA0001,N2,ماشين آلات و تجهيزات,فهرست اوليه,KARA1,Karafarin Inv.,29244787813932382,سرمايه‌گذاري‌كارآفرين‌(هلدينگ‌,وآردل
IRR1GDIR0101,N1,شرکتهاي چند رشته اي صنعتي,تابلو اصلي,GDIX1,Ghadir Inv.-R,30756584974640550,ح . سرمايه‌گذاري‌غدير(هلدينگ‌,وغديرح
IRR1PETR0101,N1,محصولات شيميايي,تابلو فرعي,PETX1,Petro. Inv.-R,31435545119454895,ح . سرمايه‌ گذاري‌ پتروشيمي‌,وپتروح
IRO1BPAR0001,N1,بانكها و موسسات اعتباري,تابلو فرعي,BPAR1,Parsian Bank,33293588228706998,بانك‌پارسيان‌,وپارس
IRO1ATDM0001,N1,سرمايه گذاريها,تابلو فرعي,ATDM1,Atye Damavand,33541897671561960,سرمايه‌ گذاري‌ آتيه‌ دماوند,واتي
IRO1NAFT0001,N1,فراورده هاي نفتي، كك و سوخت هسته اي,تابلو اصلي,NAFT1,Oil Ind. Inv.,33931218652865616,سرمايه‌گذاري‌ صنعت‌ نفت‌,ونفت
IRR1LZIN0101,N1,ساير واسطه گريهاي مالي,تابلو فرعي,LZIX1,Leasing Iran-R,34731841379388186,ح . ليزينگ‌ايران‌,وليزح
IRR1OIMC0101,N1,شرکتهاي چند رشته اي صنعتي,تابلو اصلي,OIMX1,Omid Inv. Mng.-R,36293785932444419,ح.گروه مديريت سرمايه گذار اميد,واميدح
IRO1SAND0001,N1,شرکتهاي چند رشته اي صنعتي,تابلو اصلي,SAND1,Pension Fund,37204371816016200,سرمايه‌گذاري‌صندوق‌بازنشستگي‌,وصندوق
IRO1SSAP0001,N2,سرمايه گذاريها,فهرست اوليه,SSAP1,S*Saipa Inv.,37614886280396031,سرمايه‌گذاري‌ سايپا,وساپا
IRR1ALBZ0101,N1,مواد و محصولات دارويي,تابلو اصلي,ALBX1,Alborz Inv.-R,38188825207508209,ح . سرمايه گذاري‌البرز(هلدينگ‌,والبرح
IRR1KARA0101,N2,ماشين آلات و تجهيزات,فهرست اوليه,KARX1,Karafarin Inv.-R,38203540900047502,ح . ‌كارآفرين‌(هلدينگ‌,وآردلح
IRR1SAND0101,N1,شرکتهاي چند رشته اي صنعتي,تابلو اصلي,SANX1,Pension Fund-R,39419948282087552,ح.سرمايه گذاري صندوق بازنشستگي,وصندوقح
IRO1GMEL0001,N2,دباغي، پرداخت چرم و ساخت انواع پاپوش,فهرست اوليه,GMEL1,Melli Ind. Grp.,41796741644273824,گروه‌ صنعتي‌ ملي‌ (هلدينگ‌,وملي
IRR1SNMA0101,N1,سرمايه گذاريها,تابلو اصلي,SNMX1,Ind. & Mine Inv-R,43740308126125261,ح . سرمايه‌ گذاري‌صنعت‌ ومعدن‌,وصنعتح
IRO1VSIN0001,N2,بانكها و موسسات اعتباري,فهرست اوليه,VSIN1,Sina Fin. Ins.,45050389997905274,بانك سينا,وسينا
IRO1RSAP0001,N1,ساير واسطه گريهاي مالي,تابلو اصلي,RSAP1,S*Rayan Saipa,45174198424472334,ليزينگ رايان‌ سايپا,ولساپا
IRR1TGOS0101,N1,انبوه سازي، املاك و مستغلات,تابلو فرعي,TGOX1,Toosgostar Inv.-R,46270513972980340,ح . توسعه‌شهري‌توس‌گستر,وتوسح
IRO1GBEH0001,N1,سرمايه گذاريها,تابلو فرعي,GBEH1,Behshahr Group,46982154647719707,گروه‌صنايع‌بهشهرايران‌,وصنا
IRO1TOKA0001,N1,فلزات اساسي,تابلو اصلي,TOKA1,Tukafoolad Inv.,47232550823972469,سرمايه‌گذاري‌توكافولاد(هلدينگ,وتوكا
IRO1NOVN0001,N1,بانكها و موسسات اعتباري,تابلو فرعي,NOVN1,S*EN Bank,47302318535715632,بانك‌اقتصادنوين‌,ونوين
IRO1BKHZ0001,N2,بانكها و موسسات اعتباري,فهرست اوليه,BKHZ1,Bank of M.E.,47333458678352378,بانك خاورميانه,وخاور
IRO1IDOC0001,N2,سرمايه گذاريها,فهرست اوليه,IDOC1,Iran Motorcycle,47841327496247362,سرمايه گذاري اعتبار ايران,واعتبار
IRO1KRAF0001,N1,بانكها و موسسات اعتباري,تابلو فرعي,KRAF1,Karafarin Bank,47996917271187218,بانك‌ كارآفرين‌,وكار
IRO1BANK0001,N1,شرکتهاي چند رشته اي صنعتي,تابلو اصلي,BANK1,Bank Melli Inv.,48010225447410247,سرمايه گذاري گروه توسعه ملي,وبانك
IRO1LPRS0001,N2,ساير واسطه گريهاي مالي,فهرست اوليه,LPRS1,Parsian leasing,48241092863917835,ليزينگ پارسيان,ولپارس
IRR1TAZB0101,N2,انبوه سازي، املاك و مستغلات,فهرست اوليه,TAZX1,Azarbayjan Inv.-R,48981174642799639,ح . ‌توسعه‌آذربايجان‌,وآذرح
IRO1BANS0001,N1,بانكها و موسسات اعتباري,تابلو اصلي,BANS1,Ansar Bank,49776615757150035,بانك انصار,وانصار
IRO1OIMC0001,N1,شرکتهاي چند رشته اي صنعتي,تابلو اصلي,OIMC1,Omid Inv. Mng.,52232388263291380,گروه مديريت سرمايه گذاري اميد,واميد
IRR1BPAS0101,N1,بانكها و موسسات اعتباري,تابلو فرعي,BPSX1,Pasargad Bank -R,53374821490063799,ح.بانك پاسارگاد,وپاسارح
IRR1SPAH0101,N1,سرمايه گذاريها,تابلو اصلي,SPAX1,Sepah Inv.-R,54287510798838485,ح . سرمايه‌گذاري‌ سپه‌,وسپهح
IRO1TSHE0001,N1,ماشين آلات و تجهيزات,تابلو اصلي,TSHE1,Pars Tousheh,54676885047867737,سرمايه‌ گذاري‌ پارس‌ توشه‌,وتوشه
IRR1RENA0101,N1,خودرو و ساخت قطعات,تابلو فرعي,RENX1,Rena Investment-R,55274159604040834,ح . سرمايه‌گذاري‌ رنا(هلدينگ‌,ورناح
IRR1BANS0101,N1,بانكها و موسسات اعتباري,تابلو اصلي,BNAX1,Ansar Bank-R,56271726572478068,ح.بانك انصار,وانصارح
IRR1KRAF0101,N1,بانكها و موسسات اعتباري,تابلو فرعي,KRAX1,Karafarin Bank-R,56772105873719945,ح . بانك‌ كارآفرين‌,وكارح
IRR1BTEJ0101,N1,بانكها و موسسات اعتباري,تابلو فرعي,BTEX1,Tejarat Bank-R,57027493672958737,ح . بانك تجارت,وتجارتح
IRO1SNMA0001,N1,سرمايه گذاريها,تابلو اصلي,SNMA1,Ind. & Mine Inv,57309221039930244,سرمايه گذاري توسعه صنعت وتجارت,وصنعت
IRO1MOIN0001,N1,واسطه‌گري‌هاي مالي و پولي,تابلو فرعي,MOIN1,Moein Mellat Co,57498323844693360,سرمايه گذاري توسعه معين ملت,ومعين
IRO1ALBZ0001,N1,مواد و محصولات دارويي,تابلو اصلي,ALBZ1,S*Alborz Inv.,57944184894703821,سرمايه‌ گذاري‌ البرز(هلدينگ‌,والبر
IRR1SBAH0101,N1,سرمايه گذاريها,تابلو اصلي,SBAX1,Bahman Inv.-R,58198007384583512,ح . سرمايه‌گذاري‌بهمن‌,وبهمنح
IRO1MADN0001,N1,استخراج کانه هاي فلزي,تابلو اصلي,MADN1,S*Metals & Min.,58931793851445922,توسعه‌معادن‌وفلزات‌,ومعادن
IRR1SNRO0101,N1,عرضه برق، گاز، بخاروآب گرم,تابلو اصلي,SNRX1,Nirou Inv.-R,59061939785593482,ح . سرمايه‌گذاري‌نيرو,ونيروح
IRR1LKGH0101,N1,ساير واسطه گريهاي مالي,تابلو فرعي,LKGX1,Ghadir Kh. L.-R,59430351461797798,ح . ليزينگ‌خودروغدير,ولغدرح
IRO1PETR0001,N1,محصولات شيميايي,تابلو فرعي,PETR1,Petro. Inv.,59486059679335017,سرمايه‌گذاري صنايع پتروشيمي‌,وپترو
IRR1BIME0101,N1,سرمايه گذاريها,تابلو فرعي,BIMX1,Insurance Inv.-R,59735609117437896,ح . سرمايه‌ گذاري‌ صنعت‌ بيمه‌,وبيمهح
IRR1RSAP0101,N1,ساير واسطه گريهاي مالي,تابلو اصلي,RSAX1,Rayan Saipa-R,59957747873181306,ح . ليزينگ رايان‌ سايپا,ولساپاح
IRO1SDID0001,N2,فلزات اساسي,فهرست اوليه,SDID1,Sadid Group,61276682443262105,گروه‌صنعتي‌سديد(هلدينگ‌,وسديد
IRR1ATDM0101,N1,سرمايه گذاريها,تابلو فرعي,ATDX1,Atye Damavand-R,61399677811943715,ح . سرمايه‌ گذاري‌آتيه‌ دماوند,واتيح
IRR1MELT0101,N2,سرمايه گذاريها,فهرست اوليه,MELX1,Melat Inv.-R,62074720294882247,ح . سرمايه‌گذاري‌ملت‌,وملتح
IRR1TSBE0101,N1,محصولات غذايي و آشاميدني به جز قند و شكر,تابلو اصلي,TSBX1,Behshahr Inv.-R,62275280734625819,ح . صنايع‌ بهشهر(هلدينگ,وبشهرح
IRO1SNRO0001,N1,عرضه برق، گاز، بخاروآب گرم,تابلو اصلي,SNRO1,Nirou Inv.,62603302940123327,سرمايه‌گذاري‌نيرو,ونيرو
IRR1TSHE0101,N1,ماشين آلات و تجهيزات,تابلو اصلي,TSHX1,Pars Tousheh-R,63689155520282158,ح . سرمايه‌ گذاري‌ پارس‌ توشه‌,وتوشهح
IRO1BTEJ0001,N1,بانكها و موسسات اعتباري,تابلو فرعي,BTEJ1,S*Tejarat Bank,63917421733088077,بانك تجارت,وتجارت
IRR1MADN0101,N1,استخراج کانه هاي فلزي,تابلو اصلي,MADX1,Metals & Min.-R,66240430785255272,ح . توسعه‌معادن‌وفلزات‌,ومعادنح
IRR1DARO0101,N1,مواد و محصولات دارويي,تابلو اصلي,DARX1,Daroupakhsh-R,67979306676078989,ح . داروپخش‌ (هلدينگ‌,وپخشح
IRO1TGOS0001,N1,انبوه سازي، املاك و مستغلات,تابلو فرعي,TGOS1,Toosgostar Inv.,68117765376081366,توسعه‌شهري‌توس‌گستر,وتوس
IRR1NOVN0101,N1,بانكها و موسسات اعتباري,تابلو فرعي,NOVX1,EN Bank-R,70657803623349012,ح . بانك‌اقتصادنوين‌,ونوينح
IRO1LSMD0001,N1,ساير واسطه گريهاي مالي,تابلو اصلي,LSMD1,Ind. & M. L.,71744682148776880,ليزينگ‌صنعت‌ومعدن‌,ولصنم
IRR1HMRZ0101,N2,مخابرات,فهرست اوليه,HMRX1,Iran Mobil Tele-R,25328018826422512,ح . شركت ارتباطات سيار ايران,همراهح
IRO1HWEB0001,N2,اطلاعات و ارتباطات,فهرست اوليه,HWEB1,S*HiWeb,43362635835198978,داده گسترعصرنوين-هاي وب,هاي وب
IRO1HMRZ0001,N2,مخابرات,فهرست اوليه,HMRZ1,Iran Mobil Tele,68635710163497089,شركت ارتباطات سيار ايران,همراه
